ticker,arm,near_mae,far_mae,acf_sse,cvm,kurt_model,mll_perobs,q01_err,q05_err,q95_err,q99_err,best_start,n_iter,stop_reason
AAPL,0,0.016176,0.018952,0.136587,3.852959e-02,3.5173,-2.96166,2.3491,0.3984,2.8977,0.8561,1,520,stall
AAPL,0.1,0.016109,0.018980,0.136866,5.433106e-06,0.9264,-2.69855,1.6774,0.1087,0.0746,1.0590,1,4000,iter_cap
AAPL,0.3,0.016019,0.018952,0.137224,6.687833e-06,1.0509,-2.69516,1.4284,0.0172,0.0251,0.9877,1,4000,iter_cap
AAPL,1,0.020402,0.021621,0.184019,5.759191e-06,0.9173,-2.69887,1.6937,0.1193,0.0456,1.0960,2,4000,iter_cap
AAPL,3,0.022565,0.021808,0.193021,4.573053e-06,1.0058,-2.69611,1.5639,0.0826,0.1059,0.9436,2,4000,iter_cap
AAPL,10,0.022015,0.022050,0.194749,4.560811e-06,1.0216,-2.69569,1.5346,0.0702,0.1120,0.9210,2,4000,iter_cap
AAPL,30,0.016152,0.025951,0.230200,4.559762e-06,1.0284,-2.69552,1.5220,0.0649,0.1144,0.9117,2,4000,iter_cap
AAPL,100,0.028949,0.028252,0.297490,4.559741e-06,1.0284,-2.69552,1.5222,0.0650,0.1145,0.9116,2,4000,iter_cap
AAPL,marginal,0.036465,0.028684,0.336160,4.559730e-06,1.0280,-2.69553,1.5229,0.0653,0.1145,0.9119,2,4000,iter_cap
AAPL,ml_ref,0.040421,0.028851,0.363561,6.187041e-05,2.5755,-2.68297,0.0833,0.0844,0.1716,0.2258,0,0,ml
AMZN,0,0.018724,0.020420,0.163308,1.279545e-01,4.0356,-36.81366,7.5035,2.5239,6.2460,2.2323,6,4000,iter_cap
AMZN,0.1,0.018742,0.020483,0.166149,4.703387e-06,1.6038,-2.85343,0.4797,0.2518,0.0500,0.9115,1,4000,iter_cap
AMZN,0.3,0.018912,0.020461,0.165919,4.703592e-06,1.6389,-2.85292,0.4140,0.2686,0.0470,0.8812,2,4000,iter_cap
AMZN,1,0.019318,0.020418,0.166448,4.698546e-06,1.6307,-2.85303,0.4298,0.2637,0.0458,0.8899,2,4000,iter_cap
AMZN,3,0.021127,0.020405,0.175717,4.680906e-06,1.6130,-2.85327,0.4714,0.2483,0.0493,0.8950,2,4000,iter_cap
AMZN,10,0.032995,0.021970,0.262587,4.612797e-06,1.6629,-2.85252,0.4253,0.2386,0.0598,0.7891,2,4000,iter_cap
AMZN,30,0.034222,0.023650,0.291825,4.603609e-06,1.6971,-2.85206,0.3697,0.2504,0.0587,0.7469,2,4000,iter_cap
AMZN,100,0.043054,0.024745,0.352196,4.607321e-06,1.6905,-2.85215,0.3724,0.2548,0.0562,0.7640,2,4000,iter_cap
AMZN,marginal,0.048771,0.024875,0.387335,4.611074e-06,1.6843,-2.85224,0.3786,0.2558,0.0550,0.7762,2,4000,iter_cap
AMZN,ml_ref,0.053572,0.024908,0.419500,5.288348e-05,2.3528,-2.84698,0.1067,0.2115,0.3433,0.9524,0,0,ml
APD,0,0.015280,0.014562,0.091709,5.117322e-02,2.0663,-2.85421,1.4045,3.4059,0.4875,2.4086,3,713,stall
APD,0.1,0.015243,0.014551,0.092043,5.776334e-06,1.6081,-2.54434,1.1142,0.1173,0.0152,0.7219,2,4000,iter_cap
APD,0.3,0.015521,0.014537,0.092689,5.637156e-06,1.7648,-2.53966,0.9620,0.1296,0.0264,0.5783,2,4000,iter_cap
APD,1,0.016249,0.014801,0.098416,5.571393e-06,2.1838,-2.52975,0.6370,0.1190,0.0290,0.2710,2,4000,iter_cap
APD,3,0.019015,0.016175,0.119414,5.383599e-06,4.6552,-2.51135,0.1949,0.0770,0.0074,0.3435,2,4000,iter_cap
APD,10,0.021898,0.023399,0.201980,5.395194e-06,3.7970,-2.51330,0.1418,0.0886,0.0191,0.0663,2,4000,iter_cap
APD,30,0.037772,0.024842,0.281585,5.368499e-06,4.9499,-2.51062,0.0998,0.0855,0.0168,0.2109,2,4000,iter_cap
APD,100,0.050282,0.024927,0.370762,5.364836e-06,5.6765,-2.50988,0.2005,0.0835,0.0151,0.2556,2,4000,iter_cap
APD,marginal,0.055212,0.024933,0.411756,5.364684e-06,5.9148,-2.50973,0.2334,0.0825,0.0143,0.2711,2,4000,iter_cap
APD,ml_ref,0.053992,0.024931,0.399739,1.043041e-05,7.1612,-2.50925,0.5496,0.1939,0.0188,0.0073,0,0,ml
BA,0,0.023876,0.014496,0.118318,7.483681e-02,-0.9354,-3.85932,5.0029,8.7931,4.2819,10.2107,6,999,stall
BA,0.1,0.024824,0.014044,0.119369,8.173868e-06,15.2290,-2.92916,1.7402,0.1158,0.4283,0.4199,1,4000,iter_cap
BA,0.3,0.025177,0.014941,0.130429,8.464962e-06,29.0533,-2.93922,2.3064,0.0156,0.3628,2.3948,2,4000,iter_cap
BA,1,0.027031,0.016462,0.155912,6.806290e-06,7.1037,-2.93500,0.9327,0.1241,0.1821,2.6230,2,4000,iter_cap
BA,3,0.033733,0.019728,0.225157,4.381133e-06,3.0845,-2.97301,1.1830,0.1024,0.1456,1.4666,2,4000,iter_cap
BA,10,0.033774,0.019864,0.226271,4.362863e-06,3.1042,-2.97271,1.1480,0.0899,0.1624,1.4134,2,4000,iter_cap
BA,30,0.033765,0.019927,0.226639,4.361188e-06,3.1232,-2.97230,1.1217,0.0868,0.1648,1.3886,2,4000,iter_cap
BA,100,0.033013,0.020675,0.228991,4.363225e-06,3.1496,-2.97171,1.0888,0.0867,0.1619,1.3661,2,4000,iter_cap
BA,marginal,0.069538,0.047245,0.869378,4.363384e-06,3.1536,-2.97162,1.0838,0.0867,0.1616,1.3624,2,4000,iter_cap
BA,ml_ref,0.075088,0.050242,1.015106,6.969171e-05,12.5537,-2.92943,0.8467,0.2022,0.5030,0.0175,0,0,ml
BAC,0,0.017329,0.016526,0.107247,1.746122e-02,-0.5836,-3.45248,4.3074,1.0802,0.9471,5.4198,3,735,stall
BAC,0.1,0.017382,0.017643,0.117329,4.455327e-06,1.9080,-2.81030,0.8898,0.0371,0.0001,1.0232,2,4000,iter_cap
BAC,0.3,0.017419,0.017658,0.117707,4.388184e-06,1.9800,-2.80939,0.7892,0.0216,0.0088,0.9379,2,4000,iter_cap
BAC,1,0.017518,0.017677,0.118556,4.335020e-06,2.1140,-2.80787,0.6219,0.0125,0.0129,0.8053,2,4000,iter_cap
BAC,3,0.017583,0.017690,0.119372,4.318039e-06,2.2150,-2.80688,0.5023,0.0099,0.0137,0.7123,2,4000,iter_cap
BAC,10,0.017619,0.017698,0.119908,4.314416e-06,2.2737,-2.80636,0.4351,0.0095,0.0137,0.6606,2,4000,iter_cap
BAC,30,0.017667,0.017698,0.120115,4.314026e-06,2.2948,-2.80619,0.4113,0.0096,0.0135,0.6425,2,4000,iter_cap
BAC,100,0.017648,0.017700,0.120183,4.313990e-06,2.3028,-2.80612,0.4024,0.0096,0.0135,0.6356,2,4000,iter_cap
BAC,marginal,0.017647,0.017737,0.121720,4.313998e-06,2.3068,-2.80609,0.3980,0.0097,0.0135,0.6322,2,4000,iter_cap
BAC,ml_ref,0.033954,0.018230,0.200432,3.691600e-05,4.7524,-2.79954,0.0583,0.0511,0.0343,0.4275,0,0,ml
CAT,0,0.013296,0.015486,0.086001,7.692260e-03,0.1126,-2.91174,2.5551,3.5905,1.7379,0.4979,1,1412,stall
CAT,0.1,0.013480,0.015569,0.086653,6.693471e-06,1.2062,-2.80795,0.7952,0.0569,0.0178,1.8251,2,4000,iter_cap
CAT,0.3,0.015137,0.015452,0.091393,5.493910e-06,1.2590,-2.80637,0.9207,0.1404,0.0392,1.5046,2,4000,iter_cap
CAT,1,0.016861,0.015468,0.097431,5.050720e-06,1.6003,-2.80006,0.4678,0.1140,0.0232,1.1957,2,4000,iter_cap
CAT,3,0.017924,0.015473,0.101771,4.944289e-06,1.8468,-2.79722,0.1726,0.1064,0.0200,1.0159,2,4000,iter_cap
CAT,10,0.018631,0.015351,0.105908,4.923813e-06,1.9885,-2.79601,0.0139,0.1053,0.0203,0.9289,2,4000,iter_cap
CAT,30,0.027133,0.016168,0.141787,4.920779e-06,2.0672,-2.79545,0.0718,0.1049,0.0207,0.8863,2,4000,iter_cap
CAT,100,0.041509,0.016672,0.224132,4.920166e-06,2.0775,-2.79539,0.0827,0.1045,0.0197,0.8705,2,4000,iter_cap
CAT,marginal,0.046969,0.016710,0.259895,4.920125e-06,2.0777,-2.79539,0.0829,0.1045,0.0193,0.8670,2,2390,stall
CAT,ml_ref,0.040176,0.016517,0.211576,5.457429e-05,2.9565,-2.79346,0.4789,0.1205,0.1316,0.1909,0,0,ml
COP,0,0.016693,0.016945,0.116531,2.076427e-02,0.6400,-3.25902,2.0619,1.7152,0.9023,1.8333,6,689,stall
COP,0.1,0.016929,0.016920,0.116670,1.084954e-05,3.9074,-3.00343,0.4308,0.0875,0.0356,0.8256,1,4000,iter_cap
COP,0.3,0.016967,0.017114,0.120680,1.174816e-05,1.4227,-3.04383,1.3609,0.1265,0.0755,1.2009,2,4000,iter_cap
COP,1,0.021120,0.019088,0.152722,7.747869e-06,1.4307,-3.03740,1.6869,0.1604,0.1629,0.3532,2,4000,iter_cap
COP,3,0.021171,0.019071,0.152804,7.745840e-06,1.4163,-3.03789,1.7132,0.1562,0.1605,0.3772,2,4000,iter_cap
COP,10,0.021137,0.019068,0.152826,7.745549e-06,1.4106,-3.03808,1.7235,0.1546,0.1591,0.3871,2,4000,iter_cap
COP,30,0.020184,0.019238,0.153517,7.746016e-06,1.4118,-3.03804,1.7208,0.1552,0.1580,0.3865,2,4000,iter_cap
COP,100,0.018070,0.020810,0.169657,7.745894e-06,1.4111,-3.03806,1.7221,0.1550,0.1581,0.3874,2,4000,iter_cap
COP,marginal,0.024323,0.023559,0.221595,7.745191e-06,1.4063,-3.03823,1.7318,0.1531,0.1590,0.3936,2,4000,iter_cap
COP,ml_ref,0.022564,0.024795,0.221126,9.214541e-05,5.1176,-3.00220,0.3844,0.2416,0.1622,1.1954,0,0,ml
CVX,0,0.012667,0.013687,0.069201,1.304351e-01,0.5921,-7.57984,10.6526,6.2700,0.4837,3.6283,4,935,stall
CVX,0.1,0.012444,0.013967,0.071516,9.254831e-06,4.0867,-2.70270,1.1123,0.0632,0.1402,0.5633,2,4000,iter_cap
CVX,0.3,0.018251,0.015290,0.105325,4.917475e-06,2.3234,-2.71526,0.3446,0.1469,0.0323,0.1101,2,4000,iter_cap
CVX,1,0.018726,0.015099,0.106532,4.830098e-06,2.1701,-2.71779,0.5161,0.1345,0.0320,0.2541,2,3132,stall
CVX,3,0.019005,0.014978,0.107612,4.803662e-06,2.0816,-2.71944,0.6181,0.1249,0.0292,0.3416,2,3113,stall
CVX,10,0.019134,0.014916,0.108247,4.798515e-06,2.0402,-2.72027,0.6667,0.1199,0.0275,0.3835,2,3176,stall
CVX,30,0.018639,0.015084,0.108713,4.797976e-06,2.0282,-2.72052,0.6808,0.1185,0.0270,0.3957,2,4000,iter_cap
CVX,100,0.029821,0.021028,0.199788,4.797957e-06,2.0269,-2.72054,0.6821,0.1185,0.0271,0.3967,2,4000,iter_cap
CVX,marginal,0.073426,0.025149,0.540515,4.797863e-06,2.0198,-2.72069,0.6908,0.1173,0.0265,0.4044,2,3148,stall
CVX,ml_ref,0.056592,0.024568,0.391692,6.661408e-05,7.1993,-2.69660,0.0106,0.1444,0.0399,0.3352,0,0,ml
DIS,0,0.015634,0.013468,0.079390,4.710817e-03,1.3957,-2.69691,1.5118,1.9692,1.2312,0.4428,2,969,stall
DIS,0.1,0.015682,0.013503,0.080396,9.157975e-06,2.1361,-2.65259,0.5007,0.0378,0.1837,1.2255,2,4000,iter_cap
DIS,0.3,0.016010,0.013467,0.082584,8.744177e-06,2.4438,-2.64506,0.1817,0.0565,0.1760,0.9993,2,4000,iter_cap
DIS,1,0.017329,0.013415,0.086709,8.437564e-06,2.8512,-2.63803,0.1969,0.0640,0.1705,0.7034,2,4000,iter_cap
DIS,3,0.018462,0.013334,0.090477,8.354635e-06,3.1260,-2.63460,0.4337,0.0629,0.1699,0.5190,2,4000,iter_cap
DIS,10,0.030572,0.020751,0.206201,8.359258e-06,3.1720,-2.63410,0.4681,0.0596,0.1719,0.5002,2,4000,iter_cap
DIS,30,0.030515,0.035019,0.380008,8.301361e-06,3.0824,-2.63520,0.4170,0.0788,0.1597,0.4668,2,4000,iter_cap
DIS,100,0.053304,0.047231,0.708600,8.294501e-06,3.1909,-2.63401,0.5088,0.0766,0.1616,0.4000,2,4000,iter_cap
DIS,marginal,0.076865,0.047792,0.927192,8.293897e-06,3.2315,-2.63359,0.5401,0.0736,0.1640,0.3807,2,2991,stall
DIS,ml_ref,0.087521,0.047794,1.027284,4.617037e-05,9.2197,-2.61692,0.5574,0.0408,0.1120,0.3779,0,0,ml
DUK,0,0.019399,0.015497,0.105989,3.136023e-02,-0.7111,-2.71030,2.4970,3.8548,0.1717,1.1192,3,614,stall
DUK,0.1,0.020418,0.016527,0.118399,5.949044e-06,9.0421,-2.34205,2.9728,0.0792,0.0765,0.9861,2,4000,iter_cap
DUK,0.3,0.020668,0.016499,0.119344,5.900053e-06,8.7236,-2.34143,2.8667,0.0773,0.0793,0.9522,2,4000,iter_cap
DUK,1,0.022107,0.016325,0.123754,5.722502e-06,7.3875,-2.34101,2.4207,0.0691,0.0789,0.9315,2,4000,iter_cap
DUK,3,0.027752,0.015473,0.142361,5.344731e-06,5.0819,-2.34127,1.5457,0.0483,0.0783,0.8895,2,4000,iter_cap
DUK,10,0.036521,0.014920,0.201545,4.909824e-06,2.9507,-2.34578,0.4941,0.0262,0.0760,0.8541,2,4000,iter_cap
DUK,30,0.039735,0.014958,0.236746,4.825148e-06,2.3891,-2.34936,0.1425,0.0242,0.0743,0.8540,2,4000,iter_cap
DUK,100,0.040014,0.015611,0.264471,4.814252e-06,2.2139,-2.35096,0.0234,0.0241,0.0738,0.8534,2,4000,iter_cap
DUK,marginal,0.066455,0.020327,0.516478,4.813143e-06,2.1528,-2.35160,0.0206,0.0255,0.0731,0.8585,2,2425,stall
DUK,ml_ref,0.058576,0.020384,0.405536,8.893671e-05,9.2999,-2.33734,0.4815,0.0635,0.2908,0.0441,0,0,ml
FCX,0,0.015898,0.016733,0.104161,3.728006e-02,0.4100,-4.43743,77.0619,59.4550,34.1409,52.1108,3,4000,iter_cap
FCX,0.1,0.015837,0.016757,0.104228,6.160602e-06,1.1951,-3.42309,1.8717,0.3901,0.1674,1.7425,2,3300,stall
FCX,0.3,0.015841,0.016766,0.104264,6.153163e-06,1.1839,-3.42339,1.9067,0.3802,0.1590,1.7756,2,3336,stall
FCX,1,0.015845,0.016778,0.104341,6.147517e-06,1.1700,-3.42376,1.9503,0.3679,0.1491,1.8163,2,3739,stall
FCX,3,0.015857,0.016785,0.104399,6.146057e-06,1.1622,-3.42397,1.9747,0.3610,0.1435,1.8391,2,3842,stall
FCX,10,0.015865,0.016788,0.104429,6.145803e-06,1.1587,-3.42407,1.9858,0.3579,0.1410,1.8495,2,4000,iter_cap
FCX,30,0.015987,0.016793,0.104533,6.145781e-06,1.1570,-3.42412,1.9907,0.3566,0.1397,1.8545,2,4000,iter_cap
FCX,100,0.017040,0.017155,0.110956,6.145810e-06,1.1557,-3.42415,1.9946,0.3557,0.1385,1.8585,2,4000,iter_cap
FCX,marginal,0.019628,0.019409,0.142099,6.145774e-06,1.1570,-3.42412,1.9910,0.3564,0.1398,1.8543,2,4000,iter_cap
FCX,ml_ref,0.034778,0.029140,0.345943,1.234385e-04,3.0745,-3.40480,0.1641,0.2823,0.2221,0.3529,0,0,ml
HD,0,0.014901,0.016923,0.108396,2.125388e-02,2.5646,-4.10314,4.4457,1.1220,1.8845,0.3044,6,602,stall
HD,0.1,0.015478,0.016917,0.109473,4.288754e-06,2.7383,-2.51487,0.2080,0.1067,0.0561,0.3175,2,4000,iter_cap
HD,0.3,0.015575,0.016916,0.109546,4.281752e-06,2.6761,-2.51543,0.2606,0.1065,0.0571,0.3479,2,4000,iter_cap
HD,1,0.015752,0.016913,0.109808,4.277657e-06,2.5835,-2.51636,0.3398,0.1066,0.0583,0.3939,2,4000,iter_cap
HD,3,0.015882,0.016910,0.110130,4.281400e-06,2.5196,-2.51704,0.3950,0.1071,0.0589,0.4305,2,4000,iter_cap
HD,10,0.015959,0.016909,0.110360,4.287417e-06,2.4933,-2.51729,0.4177,0.1078,0.0591,0.4540,2,4000,iter_cap
HD,30,0.016299,0.016902,0.110983,4.285221e-06,2.4878,-2.51737,0.4231,0.1088,0.0582,0.4556,2,4000,iter_cap
HD,100,0.019911,0.016995,0.122662,4.286079e-06,2.4830,-2.51742,0.4273,0.1090,0.0581,0.4596,2,4000,iter_cap
HD,marginal,0.023038,0.017141,0.134365,4.287978e-06,2.4731,-2.51754,0.4354,0.1081,0.0589,0.4621,2,4000,iter_cap
HD,ml_ref,0.034897,0.017118,0.190446,6.587460e-05,9.2903,-2.49911,0.4353,0.1072,0.1472,0.0479,0,0,ml
HON,0,0.016920,0.018165,0.132237,3.761057e-02,0.2750,-3.12142,0.9050,0.9470,2.8467,5.5669,6,772,stall
HON,0.1,0.016922,0.018183,0.132276,7.915643e-06,5.9837,-2.44167,0.1230,0.0041,0.0909,0.9443,1,4000,iter_cap
HON,0.3,0.017750,0.018142,0.133884,7.881011e-06,14.5740,-2.43750,0.2492,0.0721,0.0512,0.6645,2,4000,iter_cap
HON,1,0.018696,0.018153,0.137494,7.654298e-06,7.2066,-2.43778,0.3629,0.0372,0.0514,0.5229,2,4000,iter_cap
HON,3,0.020313,0.018518,0.146436,7.509500e-06,5.7596,-2.43898,0.2878,0.0096,0.0481,0.4424,2,4000,iter_cap
HON,10,0.021920,0.019468,0.163523,7.401736e-06,5.3236,-2.44105,0.0034,0.0135,0.0423,0.3247,2,4000,iter_cap
HON,30,0.022519,0.020126,0.175124,7.376183e-06,5.5713,-2.44112,0.1868,0.0219,0.0396,0.2333,2,4000,iter_cap
HON,100,0.022226,0.020941,0.184895,7.369861e-06,6.0519,-2.44041,0.2937,0.0253,0.0384,0.1689,2,4000,iter_cap
HON,marginal,0.044355,0.032407,0.437618,7.367607e-06,7.4591,-2.43862,0.3196,0.0254,0.0381,0.1239,2,4000,iter_cap
HON,ml_ref,0.052892,0.033117,0.504877,3.711777e-05,9.5215,-2.43753,0.4849,0.1084,0.2323,0.0298,0,0,ml
JNJ,0,0.015906,0.017029,0.110802,5.190948e-02,9.2479,-3.17062,4.5668,2.3366,2.0775,2.9035,3,4000,iter_cap
JNJ,0.1,0.016465,0.017166,0.113630,6.519634e-06,2.6612,-2.22965,0.5955,0.0397,0.0119,0.4096,3,4000,iter_cap
JNJ,0.3,0.017350,0.017180,0.114533,7.796820e-06,1.2566,-2.26148,0.8524,0.0815,0.0045,0.4953,4,4000,iter_cap
JNJ,1,0.015200,0.019949,0.144396,5.133281e-06,2.3316,-2.23502,0.5877,0.0392,0.0054,0.3963,2,4000,iter_cap
JNJ,3,0.015391,0.019969,0.145795,5.105966e-06,2.5683,-2.23265,0.4657,0.0384,0.0019,0.4618,2,4000,iter_cap
JNJ,10,0.015569,0.019981,0.147150,5.096575e-06,2.7624,-2.23108,0.3711,0.0384,0.0008,0.5093,2,4000,iter_cap
JNJ,30,0.015449,0.020002,0.148071,5.095143e-06,2.8441,-2.23052,0.3322,0.0384,0.0016,0.5297,2,4000,iter_cap
JNJ,100,0.023657,0.020082,0.176447,5.094953e-06,2.8765,-2.23031,0.3167,0.0383,0.0018,0.5380,2,4000,iter_cap
JNJ,marginal,0.034227,0.020090,0.235041,5.094911e-06,2.9043,-2.23011,0.3048,0.0387,0.0026,0.5407,2,4000,iter_cap
JNJ,ml_ref,0.039722,0.020090,0.278907,3.243016e-05,6.9613,-2.22311,0.3234,0.0995,0.0343,0.2913,0,0,ml
JPM,0,0.014414,0.016485,0.097828,4.600595e-02,1.4203,-3.31076,1.7032,1.8243,0.9807,1.3359,4,1128,stall
JPM,0.1,0.015428,0.017610,0.109879,7.629723e-06,2.6487,-2.63437,1.0108,0.0511,0.2111,0.5209,2,4000,iter_cap
JPM,0.3,0.015995,0.018122,0.115592,6.691111e-06,2.6423,-2.63511,0.7425,0.0264,0.1689,0.2946,2,4000,iter_cap
JPM,1,0.016350,0.018445,0.120463,6.493342e-06,2.9177,-2.63289,0.4811,0.0483,0.1561,0.0695,2,4000,iter_cap
JPM,3,0.016353,0.018629,0.123717,6.428576e-06,3.1915,-2.63114,0.2722,0.0512,0.1540,0.1104,2,4000,iter_cap
JPM,10,0.016582,0.018757,0.126820,6.406681e-06,3.4236,-2.62999,0.1097,0.0502,0.1541,0.2505,2,4000,iter_cap
JPM,30,0.016699,0.018821,0.128548,6.403085e-06,3.5317,-2.62954,0.0374,0.0491,0.1544,0.3128,2,4000,iter_cap
JPM,100,0.019339,0.020764,0.159032,6.402599e-06,3.5744,-2.62938,0.0060,0.0498,0.1539,0.3402,2,4000,iter_cap
JPM,marginal,0.061627,0.024315,0.425230,6.402499e-06,3.6004,-2.62928,0.0073,0.0482,0.1548,0.3514,2,1668,stall
JPM,ml_ref,0.072207,0.024451,0.525099,7.200288e-05,6.4626,-2.62634,0.1291,0.2696,0.1344,0.0961,0,0,ml
KO,0,0.017542,0.016586,0.114531,4.166655e-02,8.7668,-2.55423,0.7109,0.0699,0.1002,2.0751,3,601,stall
KO,0.1,0.017143,0.017033,0.117265,1.450101e-05,1.1772,-2.30321,2.5760,0.0435,0.1575,0.9695,1,4000,iter_cap
KO,0.3,0.020718,0.018720,0.144703,6.461029e-06,3.2519,-2.20503,1.0008,0.0782,0.0280,0.6162,2,4000,iter_cap
KO,1,0.021114,0.018737,0.146295,6.436935e-06,3.0813,-2.20721,1.0972,0.0829,0.0251,0.6443,2,4000,iter_cap
KO,3,0.021322,0.018693,0.146759,6.430194e-06,2.9820,-2.20859,1.1571,0.0826,0.0242,0.6691,2,4000,iter_cap
KO,10,0.021505,0.018660,0.147171,6.427875e-06,2.9142,-2.20960,1.1990,0.0817,0.0238,0.6877,2,4000,iter_cap
KO,30,0.021536,0.018680,0.147431,6.427539e-06,2.8894,-2.20998,1.2144,0.0813,0.0236,0.6946,2,4000,iter_cap
KO,100,0.056404,0.022234,0.370998,6.427565e-06,2.8821,-2.21010,1.2184,0.0820,0.0231,0.6946,2,4000,iter_cap
KO,marginal,0.091409,0.022440,0.776198,6.427474e-06,2.8738,-2.21022,1.2243,0.0810,0.0236,0.6992,2,3743,stall
KO,ml_ref,0.087067,0.022439,0.716443,2.713611e-05,9.9576,-2.18766,0.0358,0.0996,0.0910,0.3444,0,0,ml
LLY,0,0.014375,0.016247,0.101658,1.048291e-03,1.5112,-2.63553,1.5841,0.2145,0.1624,1.4090,2,2300,stall
LLY,0.1,0.015599,0.016925,0.110611,5.091430e-06,46.8112,-2.60814,3.5609,0.0200,0.0026,0.8295,2,4000,iter_cap
LLY,0.3,0.015460,0.016981,0.110686,5.078280e-06,44.9480,-2.60774,3.5777,0.0223,0.0024,0.7896,2,4000,iter_cap
LLY,1,0.015023,0.017308,0.112055,5.014873e-06,36.2211,-2.60583,3.1647,0.0238,0.0019,0.7520,2,4000,iter_cap
LLY,3,0.033700,0.020351,0.223320,4.476849e-06,3.0532,-2.61410,0.0714,0.0967,0.0029,0.3423,2,4000,iter_cap
LLY,10,0.034246,0.020350,0.228065,4.451320e-06,3.5121,-2.61005,0.2988,0.0884,0.0031,0.1904,2,4000,iter_cap
LLY,30,0.034526,0.020350,0.230794,4.448505e-06,3.6844,-2.60889,0.3796,0.0861,0.0028,0.1355,2,4000,iter_cap
LLY,100,0.034614,0.020350,0.232089,4.448153e-06,3.7484,-2.60850,0.4100,0.0855,0.0026,0.1142,2,4000,iter_cap
LLY,marginal,0.034647,0.020350,0.232763,4.448118e-06,3.7783,-2.60833,0.4242,0.0852,0.0025,0.1042,2,3532,stall
LLY,ml_ref,0.032407,0.020351,0.215259,2.919154e-05,12.2815,-2.59681,0.3909,0.1608,0.1328,0.2592,0,0,ml
MCD,0,0.016862,0.017107,0.117067,2.396852e-02,2.6753,-2.62622,2.0044,0.5557,0.5324,0.4033,1,502,stall
MCD,0.1,0.017209,0.017023,0.119604,9.181359e-06,1.4133,-2.40064,1.7437,0.0470,0.0091,0.7579,1,4000,iter_cap
MCD,0.3,0.016995,0.017220,0.118134,8.028094e-06,10.1230,-2.24978,0.5781,0.0355,0.1088,0.9308,3,4000,iter_cap
MCD,1,0.017726,0.017268,0.123957,7.988477e-06,9.0143,-2.25055,0.4581,0.0218,0.1039,0.9982,2,4000,iter_cap
MCD,3,0.018145,0.017216,0.125262,7.966076e-06,7.9887,-2.25149,0.4686,0.0215,0.1011,0.8643,2,4000,iter_cap
MCD,10,0.019824,0.017124,0.131052,7.929765e-06,6.3166,-2.25429,0.5499,0.0218,0.0951,0.5848,2,4000,iter_cap
MCD,30,0.021263,0.017083,0.137686,7.915045e-06,5.3807,-2.25715,0.6307,0.0225,0.0905,0.3929,2,4000,iter_cap
MCD,100,0.022062,0.017074,0.141499,7.912365e-06,5.0233,-2.25866,0.6725,0.0229,0.0884,0.3103,2,4000,iter_cap
MCD,marginal,0.037470,0.018911,0.227317,7.912043e-06,4.8639,-2.25943,0.6920,0.0231,0.0874,0.2721,2,2230,stall
MCD,ml_ref,0.028725,0.017562,0.170609,5.708499e-05,17.5526,-2.24823,0.0652,0.1380,0.0694,0.1958,0,0,ml
MSFT,0,0.012950,0.019040,0.125904,2.821623e-02,2.0274,-2.77908,0.8907,1.0956,1.8738,0.1557,1,553,stall
MSFT,0.1,0.014961,0.018944,0.129696,1.053474e-05,1.3562,-2.60438,0.9063,0.1768,0.0338,0.8582,1,4000,iter_cap
MSFT,0.3,0.015908,0.018930,0.133157,9.731420e-06,1.6448,-2.59937,0.5357,0.1236,0.0235,0.6656,2,4000,iter_cap
MSFT,1,0.017015,0.018931,0.137777,9.341744e-06,1.9939,-2.59583,0.1777,0.1092,0.0079,0.3902,2,4000,iter_cap
MSFT,3,0.017519,0.022501,0.181149,9.303663e-06,2.0435,-2.59552,0.1510,0.1178,0.0035,0.2979,2,4000,iter_cap
MSFT,10,0.018948,0.023298,0.198932,9.254460e-06,2.2039,-2.59455,0.0117,0.1096,0.0046,0.1981,2,4000,iter_cap
MSFT,30,0.030684,0.025580,0.256971,8.864900e-06,1.4215,-2.60374,0.8035,0.0442,0.0853,0.5856,4,4000,iter_cap
MSFT,100,0.039062,0.025684,0.298882,9.246584e-06,2.3042,-2.59408,0.1092,0.1060,0.0059,0.1338,2,4000,iter_cap
MSFT,marginal,0.046444,0.025734,0.350916,9.246509e-06,2.3104,-2.59405,0.1156,0.1060,0.0050,0.1342,2,2040,stall
MSFT,ml_ref,0.045590,0.025694,0.343833,5.256154e-05,3.7012,-2.59142,0.1754,0.1207,0.0874,0.0915,0,0,ml
NEE,0,0.015663,0.012556,0.069673,2.263573e-02,93.9647,-2.94361,4.2401,1.1245,2.6337,5.8269,1,4000,iter_cap
NEE,0.1,0.016125,0.012749,0.072168,1.092982e-05,4.6749,-2.46527,0.5040,0.0596,0.0348,0.7287,6,4000,iter_cap
NEE,0.3,0.017593,0.012913,0.079429,1.077575e-05,2.9623,-2.47848,0.1502,0.0671,0.1860,0.1017,2,4000,iter_cap
NEE,1,0.022397,0.015580,0.127230,1.016858e-05,2.4043,-2.48601,0.6146,0.0235,0.1594,0.3588,4,4000,iter_cap
NEE,3,0.027147,0.020711,0.196493,9.118662e-06,1.7822,-2.50211,1.0748,0.0485,0.1737,0.9027,2,4000,iter_cap
NEE,10,0.019991,0.024769,0.196732,6.352942e-06,2.8321,-2.47772,0.1203,0.0638,0.0183,0.4741,2,4000,iter_cap
NEE,30,0.015804,0.026985,0.210020,6.352711e-06,2.8431,-2.47760,0.1095,0.0657,0.0182,0.4674,2,4000,iter_cap
NEE,100,0.053637,0.030343,0.441350,6.352588e-06,2.8358,-2.47768,0.1154,0.0654,0.0184,0.4720,2,4000,iter_cap
NEE,marginal,0.078205,0.030462,0.716923,6.352521e-06,2.8291,-2.47776,0.1211,0.0648,0.0190,0.4773,2,4000,iter_cap
NEE,ml_ref,0.060323,0.030429,0.509857,3.108222e-05,7.6554,-2.45897,1.1750,0.0758,0.0156,0.0599,0,0,ml
NEM,0,0.016008,0.015260,0.089647,6.622916e-04,0.8137,-2.99099,2.4069,0.5496,0.3580,0.8567,2,2047,stall
NEM,0.1,0.015489,0.016548,0.101125,7.134723e-06,1.7359,-2.97609,1.4950,0.1885,0.1086,1.4579,2,4000,iter_cap
NEM,0.3,0.015343,0.016587,0.101293,7.100690e-06,1.7556,-2.97599,1.4350,0.1996,0.1095,1.4594,2,4000,iter_cap
NEM,1,0.028369,0.019508,0.192093,3.925752e-06,1.6488,-2.97464,2.2519,0.1486,0.1631,0.8180,2,4000,iter_cap
NEM,3,0.030737,0.019911,0.211218,3.488403e-06,1.9017,-2.97158,1.8383,0.2092,0.1068,0.4154,2,4000,iter_cap
NEM,10,0.031852,0.019984,0.220668,3.398761e-06,2.0386,-2.97042,1.6401,0.2230,0.0786,0.1978,2,4000,iter_cap
NEM,30,0.035028,0.018916,0.234726,3.393778e-06,2.0817,-2.97010,1.5734,0.2299,0.0756,0.1379,2,4000,iter_cap
NEM,100,0.036484,0.018713,0.242360,3.385134e-06,2.1066,-2.96995,1.5435,0.2285,0.0669,0.0928,2,4000,iter_cap
NEM,marginal,0.036062,0.018800,0.240876,3.384531e-06,2.1178,-2.96987,1.5279,0.2294,0.0649,0.0756,2,4000,iter_cap
NEM,ml_ref,0.049854,0.021900,0.329923,2.826862e-05,2.4211,-2.96788,0.9875,0.5069,0.1778,0.3323,0,0,ml
NFLX,0,0.016334,0.018869,0.142234,7.777769e-02,-0.8044,-24.62241,8.4274,2.1444,0.1063,6.0176,5,2796,stall
NFLX,0.1,0.017304,0.018954,0.146763,7.540471e-06,1.9636,-3.10362,0.5636,0.1028,0.0488,0.9970,2,1446,stall
NFLX,0.3,0.017717,0.019037,0.149863,6.867953e-06,1.8006,-3.10705,0.8620,0.1229,0.0097,1.1629,2,2870,stall
NFLX,1,0.018746,0.019119,0.154642,6.496529e-06,1.7442,-3.10857,0.9803,0.1330,0.0397,1.1866,2,4000,iter_cap
NFLX,3,0.033413,0.020784,0.236227,6.434915e-06,1.6811,-3.11020,1.1007,0.1435,0.0593,1.2635,2,4000,iter_cap
NFLX,10,0.040462,0.020828,0.264820,6.426135e-06,1.7145,-3.10943,1.0426,0.1377,0.0709,1.1990,2,4000,iter_cap
NFLX,30,0.042907,0.020828,0.277242,6.425745e-06,1.7170,-3.10938,1.0390,0.1378,0.0725,1.1933,2,4000,iter_cap
NFLX,100,0.043530,0.020828,0.281896,6.425692e-06,1.7174,-3.10937,1.0388,0.1380,0.0731,1.1921,2,4000,iter_cap
NFLX,marginal,0.043829,0.020828,0.283953,6.425687e-06,1.7175,-3.10937,1.0388,0.1381,0.0733,1.1916,2,1652,stall
NFLX,ml_ref,0.037915,0.020827,0.253211,1.149267e-04,6.8339,-3.08725,0.2425,0.1557,0.3968,0.0810,0,0,ml
NVDA,0,0.015258,0.015789,0.097467,3.405986e-02,-0.5699,-4.16037,6.6955,1.4423,5.5030,4.0021,3,970,stall
NVDA,0.1,0.017212,0.016126,0.105470,6.660075e-06,1.4916,-3.15770,0.8102,0.1193,0.0837,0.9354,1,4000,iter_cap
NVDA,0.3,0.019027,0.015937,0.111751,6.751582e-06,1.5778,-3.15605,0.5992,0.0880,0.1373,0.8560,1,4000,iter_cap
NVDA,1,0.017027,0.016618,0.109371,8.596092e-06,1.4883,-3.16846,0.1893,0.0407,0.0519,1.4516,2,4000,iter_cap
NVDA,3,0.037082,0.029815,0.386550,6.433143e-06,1.5430,-3.15684,0.7675,0.1415,0.0363,0.7244,2,4000,iter_cap
NVDA,10,0.034805,0.033889,0.419516,6.343149e-06,1.6269,-3.15545,0.5662,0.0783,0.0767,0.5461,2,4000,iter_cap
NVDA,30,0.043105,0.036766,0.482803,6.321365e-06,1.6428,-3.15519,0.5176,0.0572,0.0729,0.5236,2,4000,iter_cap
NVDA,100,0.049694,0.037007,0.522745,6.313053e-06,1.6431,-3.15518,0.5103,0.0512,0.0660,0.5301,2,4000,iter_cap
NVDA,marginal,0.052220,0.037036,0.540117,6.310511e-06,1.6428,-3.15518,0.5082,0.0490,0.0628,0.5339,2,4000,iter_cap
NVDA,ml_ref,0.049267,0.036927,0.517204,5.177743e-05,3.6918,-3.14178,0.2603,0.2338,0.0239,1.3707,0,0,ml
PG,0,0.016282,0.015936,0.111102,2.740317e-02,3.6064,-2.45603,1.2992,0.9202,0.5593,0.8225,1,883,stall
PG,0.1,0.016189,0.016359,0.123221,5.604037e-06,3.4581,-2.22088,0.0539,0.1328,0.0667,0.2622,2,4000,iter_cap
PG,0.3,0.016240,0.016360,0.123238,5.601581e-06,3.4093,-2.22113,0.0711,0.1341,0.0660,0.2675,2,4000,iter_cap
PG,1,0.016364,0.016362,0.123314,5.596601e-06,3.2970,-2.22172,0.1169,0.1355,0.0653,0.2908,2,4000,iter_cap
PG,3,0.016665,0.016368,0.123550,5.592662e-06,3.1797,-2.22239,0.1665,0.1367,0.0648,0.3174,2,4000,iter_cap
PG,10,0.017069,0.016376,0.124055,5.590371e-06,3.0683,-2.22310,0.2149,0.1378,0.0644,0.3438,2,4000,iter_cap
PG,30,0.017233,0.016356,0.125283,5.589824e-06,3.0031,-2.22356,0.2428,0.1388,0.0639,0.3578,2,4000,iter_cap
PG,100,0.044066,0.016539,0.276197,5.589813e-06,2.9567,-2.22389,0.2629,0.1396,0.0634,0.3683,2,4000,iter_cap
PG,marginal,0.058042,0.016540,0.427855,5.589730e-06,2.9760,-2.22374,0.2560,0.1387,0.0640,0.3666,2,2300,stall
PG,ml_ref,0.050221,0.016538,0.340897,2.096181e-05,7.1609,-2.21589,0.0622,0.2029,0.0282,0.1757,0,0,ml
SO,0,0.021606,0.015338,0.112816,9.765970e-03,0.3245,-2.75529,1.9144,0.7525,0.8886,0.2496,1,716,stall
SO,0.1,0.022665,0.015399,0.116362,3.676546e-06,42.6743,-2.34467,1.1957,0.0637,0.1031,0.1437,2,4000,iter_cap
SO,0.3,0.022674,0.015406,0.116440,3.655885e-06,37.0968,-2.34416,1.0349,0.0578,0.1033,0.0851,2,4000,iter_cap
SO,1,0.022702,0.015399,0.116480,3.654293e-06,35.9357,-2.34407,0.9793,0.0562,0.1033,0.0646,2,4000,iter_cap
SO,3,0.022756,0.015386,0.116543,3.654167e-06,35.5831,-2.34404,0.9645,0.0558,0.1033,0.0594,2,4000,iter_cap
SO,10,0.022903,0.015356,0.116709,3.653499e-06,34.4610,-2.34393,0.9573,0.0556,0.1033,0.0575,2,4000,iter_cap
SO,30,0.023258,0.015294,0.117669,3.651655e-06,31.5919,-2.34364,0.9473,0.0555,0.1033,0.0560,2,4000,iter_cap
SO,100,0.024337,0.015171,0.123759,3.647749e-06,25.5101,-2.34301,0.9268,0.0552,0.1033,0.0537,2,4000,iter_cap
SO,marginal,0.030186,0.015167,0.169587,3.642930e-06,14.5454,-2.34214,0.8938,0.0549,0.1033,0.0537,2,2321,stall
SO,ml_ref,0.031885,0.015299,0.181308,4.234768e-05,18.6425,-2.34309,0.9032,0.0153,0.1193,0.0146,0,0,ml
SPY,0,0.016076,0.019442,0.127622,3.038981e-02,-1.0008,-3.16866,0.4196,1.3499,1.4237,3.3572,6,3994,stall
SPY,0.1,0.016620,0.019847,0.131901,1.008480e-05,1.9221,-2.11021,0.5482,0.0112,0.0647,0.3265,2,4000,iter_cap
SPY,0.3,0.022843,0.021431,0.167673,4.371017e-06,2.2972,-2.09645,0.4732,0.1153,0.0736,0.3064,2,4000,iter_cap
SPY,1,0.024219,0.021161,0.173238,3.982040e-06,2.0704,-2.09982,0.6559,0.0684,0.0779,0.1962,2,4000,iter_cap
SPY,3,0.024885,0.021046,0.176584,3.905203e-06,1.9784,-2.10149,0.7328,0.0460,0.0766,0.1468,2,4000,iter_cap
SPY,10,0.025152,0.021002,0.178176,3.893672e-06,1.9427,-2.10219,0.7629,0.0368,0.0756,0.1269,2,4000,iter_cap
SPY,30,0.023162,0.021693,0.186544,3.892846e-06,1.9360,-2.10232,0.7686,0.0350,0.0753,0.1230,2,4000,iter_cap
SPY,100,0.050006,0.029154,0.406122,3.892546e-06,1.9321,-2.10240,0.7719,0.0340,0.0752,0.1208,2,4000,iter_cap
SPY,marginal,0.078705,0.032047,0.681887,3.892326e-06,1.9267,-2.10252,0.7766,0.0326,0.0751,0.1178,2,4000,iter_cap
SPY,ml_ref,0.052975,0.031153,0.444956,1.737063e-05,3.9068,-2.08475,0.4130,0.1533,0.1302,0.6863,0,0,ml
UNH,0,0.017465,0.015847,0.102479,1.368722e-02,0.6677,-2.85473,10.9784,9.1572,3.8574,4.5151,1,4000,iter_cap
UNH,0.1,0.017542,0.016111,0.109201,1.005889e-05,2.4424,-2.57105,0.3601,0.0115,0.0833,1.3334,1,4000,iter_cap
UNH,0.3,0.017845,0.016185,0.113392,5.858622e-06,1.3290,-2.59720,0.9237,0.1105,0.0076,1.2757,2,4000,iter_cap
UNH,1,0.017854,0.016185,0.113414,5.859925e-06,1.3216,-2.59751,0.9320,0.1092,0.0059,1.2845,2,4000,iter_cap
UNH,3,0.017877,0.016187,0.113455,5.867202e-06,1.3159,-2.59775,0.9359,0.1105,0.0025,1.2936,2,4000,iter_cap
UNH,10,0.017925,0.016193,0.113593,5.874272e-06,1.3123,-2.59790,0.9380,0.1116,0.0000,1.2996,2,4000,iter_cap
UNH,30,0.018077,0.016226,0.114234,5.878889e-06,1.3109,-2.59796,0.9385,0.1124,0.0013,1.3024,2,4000,iter_cap
UNH,100,0.018913,0.016304,0.116409,5.877251e-06,1.3118,-2.59792,0.9379,0.1122,0.0007,1.3010,2,4000,iter_cap
UNH,marginal,0.017854,0.016187,0.113501,5.876737e-06,1.3129,-2.59788,0.9367,0.1124,0.0004,1.2996,2,4000,iter_cap
UNH,ml_ref,0.055987,0.017837,0.356393,1.775525e-05,7.7161,-2.55172,0.2843,0.1640,0.1044,0.0958,0,0,ml
VZ,0,0.016946,0.016111,0.098984,1.224851e-02,0.8285,-2.57703,5.8217,4.7140,4.7630,6.1225,2,597,stall
VZ,0.1,0.017463,0.016014,0.100113,8.149832e-06,2.4354,-2.31074,0.3088,0.0966,0.0190,0.6822,1,4000,iter_cap
VZ,0.3,0.017105,0.016051,0.099492,8.470377e-06,1.3554,-2.32745,0.6340,0.1182,0.0056,0.7162,2,4000,iter_cap
VZ,1,0.017344,0.015973,0.100338,8.469561e-06,1.3479,-2.32799,0.6283,0.1213,0.0072,0.7239,2,4000,iter_cap
VZ,3,0.028052,0.015751,0.144159,8.085557e-06,2.1711,-2.31262,0.1751,0.1056,0.0284,0.5894,2,4000,iter_cap
VZ,10,0.031767,0.015752,0.157673,8.015234e-06,3.4859,-2.30734,0.1550,0.0983,0.0211,0.5052,2,4000,iter_cap
VZ,30,0.032870,0.015752,0.163113,8.006486e-06,4.1145,-2.30675,0.2241,0.0955,0.0193,0.4960,2,4000,iter_cap
VZ,100,0.033274,0.015752,0.165098,8.004720e-06,4.3383,-2.30664,0.2415,0.0947,0.0188,0.4943,2,4000,iter_cap
VZ,marginal,0.033510,0.015752,0.165953,8.004138e-06,4.4309,-2.30661,0.2478,0.0943,0.0186,0.4938,2,4000,iter_cap
VZ,ml_ref,0.034058,0.015752,0.168327,1.356885e-05,4.5012,-2.30626,0.2600,0.0740,0.0321,0.0111,0,0,ml
WFC,0,0.018206,0.017204,0.116249,3.255523e-02,1.4484,-3.47553,29.9634,21.8376,18.4778,26.8860,2,2914,stall
WFC,0.1,0.018565,0.017129,0.116634,7.549172e-06,2.3786,-2.74436,1.5215,0.2176,0.0942,1.3015,4,4000,iter_cap
WFC,0.3,0.019085,0.017103,0.119391,1.035335e-05,3.4994,-2.73417,1.3773,0.2699,0.1354,1.9735,2,4000,iter_cap
WFC,1,0.020703,0.017069,0.126959,1.041418e-05,4.8532,-2.73273,0.8004,0.2262,0.1484,2.1483,4,4000,iter_cap
WFC,3,0.024099,0.025050,0.230392,5.504942e-06,1.8789,-2.75462,2.0340,0.1245,0.0251,1.6240,2,4000,iter_cap
WFC,10,0.025416,0.025507,0.241057,5.437383e-06,1.9838,-2.75206,1.8817,0.0877,0.0439,1.4943,2,4000,iter_cap
WFC,30,0.025309,0.025979,0.247260,5.494196e-06,2.0493,-2.75069,1.7938,0.0738,0.0494,1.4190,2,4000,iter_cap
WFC,100,0.082074,0.061037,1.286156,5.507421e-06,2.0752,-2.75016,1.7577,0.0663,0.0529,1.3881,2,4000,iter_cap
WFC,marginal,0.124775,0.062227,1.880694,5.477131e-06,2.0603,-2.75044,1.7765,0.0681,0.0524,1.4046,2,4000,iter_cap
WFC,ml_ref,0.108146,0.062135,1.654595,6.317073e-05,5.8019,-2.73072,0.4020,0.1939,0.0138,0.4718,0,0,ml
WMT,0,0.016249,0.019174,0.134786,2.909411e-02,-1.6995,-5.70431,4.1075,0.3169,1.5453,0.9798,4,4000,iter_cap
WMT,0.1,0.015915,0.019289,0.134934,7.236932e-06,2.1330,-2.35728,1.2685,0.1392,0.0249,0.2314,2,4000,iter_cap
WMT,0.3,0.015911,0.019278,0.134942,7.236562e-06,2.1754,-2.35595,1.2362,0.1398,0.0254,0.2094,2,4000,iter_cap
WMT,1,0.016124,0.019209,0.135080,7.253120e-06,2.2287,-2.35431,1.1996,0.1379,0.0267,0.1798,2,4000,iter_cap
WMT,3,0.016854,0.019336,0.140222,7.232755e-06,2.1570,-2.35654,1.2497,0.1404,0.0243,0.2176,2,4000,iter_cap
WMT,10,0.021064,0.019556,0.153989,7.103913e-06,2.0118,-2.36153,1.3398,0.1558,0.0183,0.3097,2,4000,iter_cap
WMT,30,0.027680,0.019578,0.177683,6.969825e-06,1.9323,-2.36437,1.3956,0.1634,0.0156,0.3617,2,4000,iter_cap
WMT,100,0.030780,0.019580,0.194966,6.845432e-06,1.9021,-2.36530,1.4220,0.1638,0.0145,0.3809,2,4000,iter_cap
WMT,marginal,0.031928,0.019580,0.203452,6.767343e-06,1.8980,-2.36529,1.4288,0.1625,0.0140,0.3836,2,4000,iter_cap
WMT,ml_ref,0.024720,0.019574,0.165448,1.376233e-05,11.7087,-2.30647,0.7111,0.0100,0.0241,0.6577,0,0,ml
XOM,0,0.014542,0.015701,0.095139,2.358669e-02,0.3555,-3.26174,3.3634,2.1236,15.5226,18.8907,6,991,stall
XOM,0.1,0.014544,0.015699,0.095139,5.734018e-06,2.2592,-2.68830,0.7267,0.1498,0.0722,0.3833,2,4000,iter_cap
XOM,0.3,0.015147,0.016181,0.100016,6.129143e-06,3.6508,-2.68003,0.3257,0.0193,0.1271,0.7088,2,4000,iter_cap
XOM,1,0.014699,0.015928,0.095989,5.733661e-06,2.1878,-2.68925,0.7959,0.1592,0.0619,0.4205,2,4000,iter_cap
XOM,3,0.014858,0.016560,0.100849,5.774894e-06,2.0854,-2.69055,0.8999,0.1626,0.0607,0.5252,2,4000,iter_cap
XOM,10,0.014657,0.018164,0.115864,5.811769e-06,2.0408,-2.69115,0.9463,0.1619,0.0622,0.5776,2,4000,iter_cap
XOM,30,0.019827,0.024037,0.192548,5.794929e-06,2.1339,-2.68971,0.8458,0.1564,0.0678,0.5214,2,4000,iter_cap
XOM,100,0.015032,0.046747,0.547397,5.760253e-06,2.3676,-2.68682,0.6171,0.1450,0.0756,0.3844,2,4000,iter_cap
XOM,marginal,0.054787,0.076585,1.423143,5.756594e-06,2.8202,-2.68317,0.2610,0.1185,0.0885,0.2096,2,4000,iter_cap
XOM,ml_ref,0.077007,0.080608,1.743684,6.723058e-05,3.7704,-2.68119,0.0585,0.0971,0.0170,0.6568,0,0,ml
