date,rank_1,rank_2,rank_3,rank_4,rank_5,rank_6,rank_7,rank_8,rank_9,rank_10,rank_11,rank_12,rank_13,rank_14,rank_15,rank_16,rank_17,rank_18
2024-01-05,0.0057,0.0000,0.0000,0.0000,0.0000,0.7879,0.0000,0.0117,0.0000,0.0000,0.0000,0.0000,0.0000,0.0001,0.0004,0.0000,0.1882,0.0060
2024-01-08,0.0000,0.0000,0.0000,0.0000,0.0000,0.0000,0.0000,0.0000,0.0000,0.0000,0.0000,0.0123,0.3496,0.0000,0.0000,0.1056,0.5152,0.0174
2024-01-09,0.0000,0.0000,0.0000,0.1563,0.0010,0.0000,0.2216,0.0000,0.0000,0.1157,0.0000,0.0007,0.0003,0.0000,0.0000,0.0061,0.4843,0.0142
2024-01-10,0.0000,0.0000,0.0000,0.0497,0.0000,0.0000,0.0006,0.0000,0.0000,0.5742,0.0000,0.0329,0.0025,0.0000,0.0000,0.0100,0.3203,0.0098
2024-01-11,0.3259,0.0000,0.0000,0.0000,0.0000,0.4184,0.0000,0.0092,0.0011,0.0000,0.0000,0.0000,0.0000,0.0000,0.0000,0.0000,0.2387,0.0066
2024-01-12,0.0000,0.0000,0.0000,0.0271,0.0657,0.0000,0.7696,0.0000,0.0027,0.0013,0.0000,0.0000,0.0000,0.0000,0.0000,0.0005,0.1297,0.0034
2024-01-16,0.0000,0.0000,0.8680,0.0000,0.0000,0.0000,0.0000,0.0215,0.0000,0.0000,0.0289,0.0000,0.0000,0.0088,0.0027,0.0000,0.0659,0.0043
2024-01-17,0.0000,0.0000,0.0000,0.0000,0.0000,0.0000,0.0000,0.0000,0.0000,0.0000,0.0123,0.0000,0.0000,0.8979,0.0158,0.0000,0.0702,0.0038
2024-01-18,0.0000,0.0000,0.0000,0.0000,0.0000,0.0000,0.0000,0.0000,0.0000,0.0232,0.0000,0.0709,0.0279,0.0000,0.0000,0.1729,0.6748,0.0302
2024-01-19,0.0000,0.0000,0.0000,0.0000,0.0000,0.0000,0.0000,0.0000,0.0000,0.0000,0.0000,0.0000,0.0575,0.0000,0.0000,0.2857,0.6257,0.0310
2024-01-22,0.0000,0.0000,0.0000,0.0000,0.0000,0.0000,0.0000,0.0000,0.0000,0.0000,0.0000,0.0024,0.6010,0.0000,0.0000,0.0576,0.3250,0.0140
2024-01-23,0.0000,0.1122,0.0000,0.0000,0.0455,0.0000,0.0000,0.0000,0.6716,0.0000,0.0000,0.0000,0.0000,0.0000,0.0000,0.0002,0.1649,0.0055
2024-01-24,0.0000,0.0000,0.0000,0.0001,0.0000,0.0000,0.0000,0.0000,0.0000,0.2248,0.0000,0.6530,0.0062,0.0000,0.0000,0.0054,0.1072,0.0033
2024-01-25,0.0000,0.2963,0.0000,0.0000,0.0021,0.0003,0.0001,0.0000,0.6753,0.0000,0.0000,0.0000,0.0000,0.0000,0.0000,0.0000,0.0252,0.0007
2024-01-26,0.0000,0.0000,0.0000,0.0000,0.5669,0.0000,0.0156,0.0000,0.4108,0.0000,0.0000,0.0000,0.0000,0.0000,0.0000,0.0000,0.0065,0.0002
2024-01-29,0.0000,0.0000,0.0000,0.3531,0.0019,0.0000,0.6150,0.0000,0.0000,0.0249,0.0000,0.0006,0.0001,0.0000,0.0000,0.0009,0.0034,0.0001
2024-01-30,0.0000,0.0000,0.0000,0.5095,0.0004,0.0000,0.4539,0.0000,0.0000,0.0326,0.0000,0.0003,0.0000,0.0000,0.0000,0.0008,0.0012,0.0013
2024-01-31,0.0000,0.0000,0.0000,0.0000,0.0000,0.0000,0.0000,0.0000,0.0000,0.0000,0.0000,0.0000,0.0000,0.5977,0.3570,0.0000,0.0100,0.0354
2024-02-01,0.0000,0.0000,0.0000,0.0000,0.6462,0.0000,0.0038,0.0000,0.0776,0.0000,0.0000,0.0000,0.0000,0.0000,0.0000,0.0006,0.2532,0.0186
2024-02-02,0.0000,0.0000,0.0000,0.0000,0.0000,0.0000,0.0000,0.0000,0.0000,0.0000,0.0000,0.0000,0.0004,0.0000,0.0000,0.4517,0.5053,0.0426
2024-02-05,0.0008,0.3126,0.0000,0.0000,0.0001,0.0267,0.0000,0.0000,0.0001,0.0000,0.0000,0.0000,0.0000,0.0000,0.0000,0.0001,0.6260,0.0337
2024-02-06,0.0352,0.7081,0.0000,0.0000,0.0001,0.0071,0.0000,0.0000,0.0219,0.0000,0.0000,0.0000,0.0000,0.0000,0.0000,0.0001,0.2191,0.0085
2024-02-07,0.0000,0.0000,0.0000,0.0000,0.0000,0.0000,0.0000,0.0000,0.0000,0.0000,0.0000,0.0002,0.6244,0.0000,0.0000,0.1056,0.2600,0.0099
2024-02-08,0.0000,0.0000,0.0000,0.0000,0.7095,0.0000,0.0265,0.0000,0.1521,0.0000,0.0000,0.0000,0.0000,0.0000,0.0000,0.0006,0.1080,0.0033
2024-02-09,0.0000,0.0000,0.0000,0.0578,0.0000,0.0000,0.0006,0.0000,0.0000,0.7138,0.0000,0.1570,0.0058,0.0000,0.0000,0.0047,0.0585,0.0018
2024-02-12,0.0000,0.0000,0.0000,0.0011,0.1534,0.0000,0.8150,0.0000,0.0054,0.0004,0.0000,0.0000,0.0000,0.0000,0.0000,0.0009,0.0231,0.0006
2024-02-13,0.0000,0.0000,0.0000,0.0000,0.0000,0.0000,0.0000,0.0000,0.0000,0.0000,0.0000,0.0000,0.0000,0.0000,0.5762,0.0000,0.2658,0.1580
2024-02-14,0.0000,0.0000,0.0000,0.0000,0.0000,0.0000,0.0000,0.0000,0.0000,0.1704,0.0000,0.2804,0.0055,0.0000,0.0000,0.0069,0.4588,0.0780
2024-02-15,0.0000,0.0000,0.0000,0.0000,0.0000,0.0000,0.0000,0.0000,0.0000,0.0000,0.0000,0.0033,0.3890,0.0000,0.0000,0.1157,0.4414,0.0506
2024-02-16,0.0046,0.6220,0.0000,0.0000,0.0011,0.0015,0.0000,0.0000,0.1699,0.0000,0.0000,0.0000,0.0000,0.0000,0.0000,0.0001,0.1879,0.0128
2024-02-20,0.0000,0.0000,0.0000,0.0000,0.0000,0.0000,0.0000,0.0000,0.0000,0.0000,0.0000,0.0000,0.0000,0.0110,0.5036,0.0000,0.4546,0.0308
2024-02-21,0.0000,0.0000,0.0000,0.0000,0.0000,0.2535,0.0000,0.0728,0.0000,0.0000,0.0000,0.0000,0.0000,0.0002,0.0013,0.0000,0.6511,0.0212
2024-02-22,0.0000,0.0000,0.0000,0.0000,0.0000,0.0000,0.0000,0.0000,0.0000,0.0000,0.0000,0.0000,0.0000,0.0000,0.0000,0.0162,0.8854,0.0985
2024-02-23,0.0000,0.0000,0.0000,0.0000,0.0000,0.0000,0.0000,0.0000,0.0000,0.0321,0.0000,0.0110,0.0036,0.0000,0.0000,0.0290,0.8631,0.0611
2024-02-26,0.0000,0.0000,0.0051,0.0000,0.0000,0.0001,0.0000,0.1048,0.0000,0.0000,0.0002,0.0000,0.0000,0.0001,0.0001,0.0000,0.8477,0.0420
2024-02-27,0.0000,0.0000,0.0000,0.0000,0.0000,0.0689,0.0000,0.1369,0.0000,0.0000,0.0000,0.0000,0.0000,0.0000,0.0006,0.0000,0.7649,0.0287
2024-02-28,0.4304,0.0027,0.0000,0.0000,0.0000,0.0859,0.0000,0.0001,0.0045,0.0000,0.0000,0.0000,0.0000,0.0000,0.0001,0.0001,0.4620,0.0142
2024-02-29,0.0000,0.0000,0.0000,0.5215,0.0000,0.0000,0.0703,0.0000,0.0000,0.0481,0.0000,0.0035,0.0004,0.0000,0.0000,0.0038,0.3427,0.0096
2024-03-01,0.0000,0.0000,0.0000,0.0000,0.0000,0.0000,0.0000,0.0000,0.0000,0.0095,0.0000,0.4976,0.0534,0.0000,0.0000,0.0709,0.3578,0.0108
2024-03-04,0.0000,0.0000,0.0000,0.0533,0.0031,0.0000,0.8204,0.0000,0.0003,0.0033,0.0000,0.0000,0.0000,0.0000,0.0000,0.0007,0.1156,0.0032
2024-03-05,0.0000,0.0000,0.0000,0.0000,0.0000,0.0000,0.0000,0.0000,0.0000,0.0000,0.0000,0.0000,0.0000,0.2849,0.2991,0.0000,0.3776,0.0385
2024-03-06,0.0000,0.0000,0.0000,0.6291,0.0000,0.0000,0.0043,0.0000,0.0000,0.0782,0.0000,0.0026,0.0001,0.0000,0.0000,0.0042,0.2686,0.0129
2024-03-07,0.0000,0.0000,0.0000,0.0000,0.0000,0.0000,0.0000,0.0000,0.0000,0.0000,0.0000,0.0013,0.2810,0.0000,0.0000,0.2917,0.4080,0.0180
2024-03-08,0.5594,0.0060,0.0000,0.0000,0.0000,0.1347,0.0000,0.0003,0.0077,0.0000,0.0000,0.0000,0.0000,0.0000,0.0000,0.0001,0.2823,0.0096
2024-03-11,0.0000,0.0000,0.0000,0.0000,0.0000,0.0000,0.0000,0.0000,0.0000,0.0000,0.0034,0.0000,0.0000,0.7522,0.0215,0.0000,0.2151,0.0078
2024-03-12,0.0000,0.0000,0.0000,0.0000,0.0000,0.0000,0.0000,0.0000,0.0000,0.0000,0.0000,0.0000,0.0502,0.0000,0.0000,0.3529,0.5715,0.0253
2024-03-13,0.0000,0.0000,0.0000,0.0006,0.1693,0.0000,0.5768,0.0000,0.0005,0.0002,0.0000,0.0000,0.0000,0.0000,0.0000,0.0008,0.2435,0.0083
2024-03-14,0.0000,0.0000,0.7818,0.0000,0.0000,0.0000,0.0000,0.0325,0.0000,0.0000,0.0193,0.0000,0.0000,0.0103,0.0033,0.0000,0.1461,0.0068
2024-03-15,0.0000,0.0000,0.0000,0.0000,0.0000,0.0000,0.0000,0.0000,0.0000,0.0000,0.0000,0.0000,0.0000,0.6913,0.0562,0.0000,0.2402,0.0123
2024-03-18,0.0000,0.0000,0.0000,0.0000,0.0000,0.0000,0.0000,0.0000,0.0000,0.0046,0.0000,0.0889,0.0298,0.0000,0.0000,0.1428,0.7043,0.0296
2024-03-19,0.0000,0.0000,0.0000,0.0000,0.2160,0.0000,0.0118,0.0000,0.2680,0.0000,0.0000,0.0000,0.0000,0.0000,0.0000,0.0005,0.4878,0.0160
2024-03-20,0.0000,0.0000,0.0000,0.0000,0.0000,0.0000,0.0000,0.0000,0.0000,0.0000,0.0000,0.0646,0.2661,0.0000,0.0000,0.0994,0.5515,0.0184
2024-03-21,0.0000,0.0000,0.0000,0.0000,0.0000,0.0000,0.0000,0.0000,0.0000,0.0000,0.0000,0.0000,0.2944,0.0000,0.0000,0.2171,0.4710,0.0176
2024-03-22,0.0000,0.0000,0.0000,0.0000,0.0000,0.0408,0.0000,0.5846,0.0000,0.0000,0.0000,0.0000,0.0000,0.0004,0.0000,0.0000,0.3627,0.0115
2024-03-25,0.0000,0.0000,0.0026,0.0000,0.0000,0.0003,0.0000,0.7651,0.0000,0.0000,0.0049,0.0000,0.0000,0.0003,0.0067,0.0000,0.2137,0.0063
2024-03-26,0.3185,0.0000,0.0000,0.0000,0.0000,0.5658,0.0000,0.0080,0.0000,0.0000,0.0000,0.0000,0.0000,0.0000,0.0008,0.0000,0.1042,0.0028
2024-03-27,0.0000,0.0000,0.0000,0.0005,0.4967,0.0000,0.3882,0.0000,0.0662,0.0000,0.0000,0.0000,0.0000,0.0000,0.0000,0.0001,0.0471,0.0012
2024-03-28,0.0000,0.0000,0.0000,0.0879,0.0000,0.0000,0.0007,0.0000,0.0000,0.6668,0.0000,0.1968,0.0066,0.0000,0.0000,0.0042,0.0345,0.0026
2024-04-01,0.0000,0.0000,0.0000,0.0000,0.0000,0.3638,0.0000,0.6142,0.0000,0.0000,0.0000,0.0000,0.0000,0.0001,0.0003,0.0000,0.0205,0.0011
2024-04-02,0.0000,0.0000,0.0000,0.0000,0.0000,0.0000,0.0000,0.0000,0.0000,0.0000,0.0001,0.0000,0.0000,0.0641,0.8892,0.0000,0.0443,0.0022
2024-04-03,0.0000,0.0000,0.0000,0.0002,0.1280,0.0000,0.3308,0.0000,0.0012,0.0000,0.0000,0.0000,0.0000,0.0000,0.0000,0.0004,0.5359,0.0035
2024-04-04,0.0000,0.0000,0.5397,0.0000,0.0000,0.0000,0.0000,0.0330,0.0000,0.0000,0.0118,0.0000,0.0000,0.0079,0.0025,0.0000,0.3971,0.0081
2024-04-05,0.6382,0.0053,0.0000,0.0000,0.0000,0.0340,0.0000,0.0003,0.0099,0.0000,0.0000,0.0000,0.0000,0.0000,0.0000,0.0000,0.3053,0.0068
2024-04-08,0.0000,0.0000,0.0000,0.0040,0.0254,0.0000,0.7813,0.0000,0.0114,0.0000,0.0000,0.0000,0.0000,0.0000,0.0000,0.0005,0.1733,0.0040
2024-04-09,0.0000,0.0000,0.0032,0.0000,0.0000,0.0379,0.0000,0.8037,0.0000,0.0000,0.0002,0.0000,0.0000,0.0013,0.0013,0.0000,0.1449,0.0076
2024-04-10,0.0000,0.0000,0.0000,0.0000,0.0000,0.0000,0.0000,0.0000,0.0000,0.0000,0.0198,0.0000,0.0000,0.0953,0.5736,0.0000,0.2969,0.0143
2024-04-11,0.0000,0.0000,0.0000,0.0728,0.0000,0.0000,0.0004,0.0000,0.0000,0.2956,0.0000,0.0878,0.0019,0.0000,0.0000,0.0079,0.5218,0.0118
2024-04-12,0.0000,0.0000,0.0000,0.0000,0.0000,0.0000,0.0000,0.0000,0.0000,0.0000,0.0000,0.0000,0.0000,0.1309,0.0311,0.0000,0.8120,0.0261
2024-04-15,0.0000,0.0000,0.0000,0.0000,0.0000,0.0000,0.0000,0.0000,0.0000,0.0000,0.0000,0.0000,0.0000,0.0921,0.0116,0.0000,0.8630,0.0332
2024-04-16,0.0000,0.0000,0.0000,0.0000,0.0000,0.0000,0.0000,0.0000,0.0000,0.0000,0.0000,0.0000,0.0000,0.0528,0.0052,0.0000,0.9025,0.0395
2024-04-17,0.0000,0.0000,0.0473,0.0000,0.0000,0.0000,0.0000,0.0001,0.0000,0.0000,0.0061,0.0000,0.0000,0.0050,0.0002,0.0000,0.9073,0.0339
2024-04-18,0.0000,0.0000,0.0331,0.0000,0.0000,0.0000,0.0000,0.0496,0.0000,0.0000,0.0003,0.0000,0.0000,0.0012,0.0001,0.0000,0.8869,0.0287
2024-04-19,0.0000,0.0000,0.0000,0.0000,0.0000,0.0000,0.0000,0.0000,0.0000,0.0000,0.0000,0.0000,0.0000,0.0354,0.0249,0.0000,0.9053,0.0344
2024-04-22,0.0000,0.0000,0.0000,0.1247,0.0000,0.0000,0.0004,0.0000,0.0000,0.0229,0.0000,0.0011,0.0000,0.0000,0.0000,0.0111,0.8140,0.0257
2024-04-23,0.0000,0.0000,0.0000,0.0000,0.0000,0.0000,0.0000,0.0000,0.0000,0.0000,0.0000,0.0000,0.0043,0.0000,0.0000,0.3211,0.6481,0.0265
2024-04-24,0.0000,0.0000,0.0000,0.0000,0.5494,0.0000,0.1088,0.0000,0.0012,0.0000,0.0000,0.0000,0.0000,0.0000,0.0000,0.0005,0.3295,0.0106
2024-04-25,0.0000,0.0000,0.0000,0.0000,0.0000,0.0000,0.0000,0.0000,0.0000,0.0000,0.0000,0.0000,0.0000,0.5446,0.0993,0.0000,0.3425,0.0135
2024-04-26,0.0000,0.0000,0.0000,0.0000,0.0000,0.0000,0.0000,0.0000,0.0000,0.0000,0.0000,0.0000,0.0001,0.0000,0.0000,0.4527,0.5189,0.0284
2024-04-29,0.0000,0.0000,0.0000,0.0345,0.0061,0.0000,0.7104,0.0000,0.0000,0.0120,0.0000,0.0000,0.0001,0.0000,0.0000,0.0013,0.2266,0.0090
2024-04-30,0.0000,0.0000,0.0000,0.0000,0.0000,0.0000,0.0000,0.0000,0.0000,0.0000,0.0002,0.0000,0.0000,0.4100,0.0989,0.0000,0.4605,0.0304
2024-05-01,0.0000,0.0000,0.0000,0.0000,0.0000,0.0000,0.0000,0.0000,0.0000,0.0000,0.0123,0.0000,0.0000,0.2933,0.0202,0.0000,0.6413,0.0329
2024-05-02,0.0000,0.0000,0.0000,0.0000,0.4228,0.0000,0.0008,0.0000,0.0280,0.0000,0.0000,0.0000,0.0000,0.0000,0.0000,0.0009,0.5277,0.0198
2024-05-03,0.0000,0.0000,0.0000,0.0000,0.0000,0.0000,0.0000,0.0000,0.0000,0.0000,0.0000,0.0000,0.0000,0.0000,0.0000,0.3130,0.6484,0.0386
2024-05-06,0.0000,0.0000,0.0000,0.0000,0.0000,0.0000,0.0000,0.0000,0.0000,0.0000,0.0000,0.0001,0.6192,0.0000,0.0000,0.0564,0.3090,0.0153
2024-05-07,0.0000,0.0000,0.0000,0.0000,0.0000,0.0000,0.0000,0.0000,0.0000,0.3243,0.0000,0.4771,0.0301,0.0000,0.0000,0.0197,0.1432,0.0056
2024-05-08,0.0023,0.0000,0.0000,0.0000,0.0000,0.9029,0.0000,0.0268,0.0002,0.0000,0.0000,0.0000,0.0000,0.0000,0.0003,0.0000,0.0654,0.0021
2024-05-09,0.0000,0.0000,0.0000,0.2372,0.0000,0.0000,0.0033,0.0000,0.0000,0.6946,0.0000,0.0360,0.0004,0.0000,0.0000,0.0004,0.0273,0.0008
2024-05-10,0.0000,0.0000,0.0000,0.2068,0.0004,0.0000,0.5676,0.0000,0.0000,0.1971,0.0000,0.0004,0.0007,0.0000,0.0000,0.0053,0.0211,0.0006
2024-05-13,0.0039,0.6118,0.0000,0.0000,0.0011,0.0025,0.0000,0.0000,0.3747,0.0000,0.0000,0.0000,0.0000,0.0000,0.0000,0.0000,0.0051,0.0009
2024-05-14,0.0000,0.0000,0.0000,0.0010,0.4507,0.0000,0.5303,0.0000,0.0146,0.0003,0.0000,0.0000,0.0000,0.0000,0.0000,0.0002,0.0026,0.0003
2024-05-15,0.0000,0.0000,0.0000,0.0000,0.0000,0.0000,0.0000,0.0000,0.0000,0.0000,0.0000,0.0000,0.3226,0.0000,0.0000,0.6204,0.0209,0.0361
2024-05-16,0.0000,0.0000,0.0000,0.2200,0.0009,0.0000,0.5976,0.0000,0.0000,0.1546,0.0000,0.0005,0.0008,0.0000,0.0000,0.0016,0.0137,0.0103
2024-05-17,0.0000,0.0000,0.0000,0.0000,0.0000,0.3579,0.0000,0.6230,0.0000,0.0000,0.0000,0.0000,0.0000,0.0008,0.0005,0.0000,0.0110,0.0067
2024-05-20,0.0000,0.0000,0.0000,0.0306,0.0869,0.0000,0.8668,0.0000,0.0012,0.0056,0.0000,0.0000,0.0000,0.0000,0.0000,0.0000,0.0068,0.0020
2024-05-21,0.0077,0.5135,0.0000,0.0000,0.0007,0.0045,0.0000,0.0000,0.4701,0.0000,0.0000,0.0000,0.0000,0.0000,0.0000,0.0000,0.0018,0.0016
2024-05-22,0.0011,0.0000,0.0000,0.0000,0.0000,0.9255,0.0000,0.0711,0.0001,0.0000,0.0000,0.0000,0.0000,0.0000,0.0007,0.0000,0.0011,0.0004
2024-05-23,0.0000,0.0000,0.0370,0.0000,0.0000,0.0000,0.0000,0.5029,0.0000,0.0000,0.3706,0.0000,0.0000,0.0011,0.0820,0.0000,0.0055,0.0010
2024-05-24,0.0000,0.0000,0.0000,0.0000,0.9276,0.0000,0.0507,0.0000,0.0063,0.0000,0.0000,0.0000,0.0000,0.0000,0.0000,0.0000,0.0152,0.0002
2024-05-28,0.0000,0.6542,0.0000,0.0000,0.0063,0.0006,0.0008,0.0000,0.3182,0.0000,0.0000,0.0000,0.0000,0.0000,0.0001,0.0002,0.0188,0.0008
2024-05-29,0.0000,0.0000,0.0002,0.0000,0.0000,0.0000,0.0000,0.0000,0.0000,0.0000,0.9258,0.0000,0.0000,0.0028,0.0504,0.0000,0.0200,0.0008
2024-05-30,0.0000,0.0000,0.0000,0.0000,0.0000,0.0000,0.0000,0.0000,0.0000,0.0000,0.0603,0.0000,0.0000,0.7468,0.1529,0.0000,0.0393,0.0008
2024-05-31,0.0006,0.8472,0.0000,0.0000,0.0012,0.0009,0.0000,0.0000,0.0304,0.0000,0.0000,0.0000,0.0000,0.0000,0.0000,0.0001,0.1158,0.0038
2024-06-03,0.0000,0.0000,0.0000,0.0000,0.0000,0.0000,0.0000,0.0000,0.0000,0.8467,0.0000,0.0322,0.0286,0.0000,0.0000,0.0092,0.0808,0.0024
2024-06-04,0.0000,0.0534,0.0000,0.0000,0.1751,0.0000,0.0017,0.0000,0.7054,0.0000,0.0000,0.0000,0.0000,0.0000,0.0000,0.0004,0.0622,0.0017
2024-06-05,0.0000,0.0000,0.0000,0.0000,0.0000,0.0000,0.0000,0.0000,0.0000,0.0000,0.0000,0.0000,0.3189,0.0000,0.0000,0.3186,0.3501,0.0124
2024-06-06,0.0000,0.0000,0.0000,0.1774,0.0009,0.0000,0.4223,0.0000,0.0000,0.1319,0.0000,0.0005,0.0005,0.0000,0.0000,0.0038,0.2548,0.0077
2024-06-07,0.0460,0.6104,0.0000,0.0000,0.0002,0.0105,0.0000,0.0000,0.2401,0.0000,0.0000,0.0000,0.0000,0.0000,0.0000,0.0000,0.0894,0.0033
2024-06-10,0.0026,0.8352,0.0000,0.0000,0.0014,0.0013,0.0000,0.0000,0.1435,0.0000,0.0000,0.0000,0.0000,0.0000,0.0000,0.0000,0.0156,0.0005
2024-06-11,0.0000,0.0420,0.0000,0.0000,0.2809,0.0000,0.0018,0.0000,0.6647,0.0000,0.0000,0.0000,0.0000,0.0000,0.0000,0.0001,0.0103,0.0003
2024-06-12,0.0000,0.0000,0.0000,0.0000,0.0000,0.0000,0.0000,0.0000,0.0000,0.0000,0.0000,0.0000,0.0280,0.0000,0.0000,0.8317,0.1345,0.0058
2024-06-13,0.0001,0.8946,0.0000,0.0000,0.0099,0.0006,0.0000,0.0000,0.0208,0.0000,0.0000,0.0000,0.0000,0.0000,0.0000,0.0000,0.0715,0.0024
2024-06-14,0.8158,0.0289,0.0000,0.0000,0.0000,0.1377,0.0000,0.0000,0.0026,0.0000,0.0000,0.0000,0.0000,0.0000,0.0001,0.0000,0.0145,0.0004
2024-06-17,0.0000,0.0000,0.0000,0.0000,0.0000,0.0000,0.0000,0.0000,0.0000,0.0004,0.0000,0.5527,0.4261,0.0000,0.0000,0.0027,0.0177,0.0005
2024-06-18,0.0000,0.0000,0.0000,0.2144,0.0000,0.0000,0.0074,0.0000,0.0000,0.7351,0.0000,0.0323,0.0006,0.0000,0.0000,0.0031,0.0069,0.0002
2024-06-20,0.8779,0.0290,0.0000,0.0000,0.0000,0.0809,0.0000,0.0001,0.0100,0.0000,0.0000,0.0000,0.0000,0.0000,0.0000,0.0000,0.0019,0.0001
2024-06-21,0.0000,0.0000,0.0000,0.0000,0.0000,0.0000,0.0000,0.0000,0.0000,0.0000,0.0724,0.0000,0.0000,0.9149,0.0108,0.0000,0.0018,0.0001
2024-06-24,0.2741,0.0323,0.0000,0.0000,0.0000,0.2010,0.0000,0.0005,0.0076,0.0000,0.0000,0.0000,0.0000,0.0001,0.0002,0.0002,0.4649,0.0192
2024-06-25,0.3192,0.0000,0.0000,0.0000,0.0000,0.4068,0.0000,0.0018,0.0041,0.0000,0.0000,0.0000,0.0000,0.0000,0.0002,0.0000,0.2594,0.0085
2024-06-26,0.0000,0.0000,0.0000,0.0000,0.3903,0.0000,0.0252,0.0000,0.4884,0.0000,0.0000,0.0000,0.0000,0.0000,0.0000,0.0001,0.0934,0.0026
2024-06-27,0.0000,0.0000,0.0000,0.0000,0.6240,0.0000,0.1555,0.0000,0.1777,0.0000,0.0000,0.0000,0.0000,0.0000,0.0000,0.0002,0.0415,0.0012
2024-06-28,0.0216,0.8073,0.0000,0.0000,0.0002,0.0111,0.0000,0.0000,0.1472,0.0000,0.0000,0.0000,0.0000,0.0000,0.0001,0.0000,0.0120,0.0006
2024-07-01,0.0000,0.0000,0.0008,0.0000,0.0000,0.2913,0.0000,0.6857,0.0000,0.0000,0.0001,0.0000,0.0000,0.0002,0.0047,0.0000,0.0166,0.0006
2024-07-02,0.0000,0.0000,0.0000,0.4249,0.0000,0.0000,0.0520,0.0000,0.0000,0.5117,0.0000,0.0023,0.0004,0.0000,0.0000,0.0001,0.0084,0.0002
2024-07-03,0.0000,0.0000,0.0000,0.0000,0.0000,0.0000,0.0000,0.0000,0.0000,0.0396,0.0000,0.5063,0.3785,0.0000,0.0000,0.0657,0.0092,0.0007
2024-07-05,0.0000,0.0000,0.0000,0.0000,0.0000,0.0000,0.0000,0.0000,0.0000,0.0913,0.0000,0.8282,0.0607,0.0000,0.0000,0.0146,0.0049,0.0003
2024-07-08,0.0000,0.0000,0.0000,0.0632,0.0021,0.0000,0.9294,0.0000,0.0003,0.0035,0.0000,0.0000,0.0000,0.0000,0.0000,0.0003,0.0012,0.0000
2024-07-09,0.0000,0.0000,0.0000,0.0000,0.4378,0.0000,0.1064,0.0000,0.4534,0.0000,0.0000,0.0000,0.0000,0.0000,0.0000,0.0000,0.0005,0.0018
2024-07-10,0.0000,0.0000,0.0000,0.0000,0.0000,0.0000,0.0000,0.0000,0.0000,0.0293,0.0000,0.9187,0.0459,0.0000,0.0000,0.0050,0.0003,0.0008
2024-07-11,0.0000,0.0000,0.0032,0.0000,0.0000,0.1864,0.0000,0.7904,0.0000,0.0000,0.0008,0.0000,0.0000,0.0042,0.0126,0.0000,0.0012,0.0012
2024-07-12,0.0000,0.0000,0.0000,0.1721,0.0000,0.0000,0.0074,0.0000,0.0000,0.8126,0.0000,0.0042,0.0008,0.0000,0.0000,0.0000,0.0027,0.0002
2024-07-15,0.0000,0.0000,0.0000,0.0036,0.0637,0.0000,0.9268,0.0000,0.0007,0.0026,0.0000,0.0000,0.0000,0.0000,0.0000,0.0014,0.0011,0.0001
2024-07-16,0.0000,0.0000,0.0000,0.2767,0.0029,0.0000,0.7172,0.0000,0.0001,0.0009,0.0000,0.0001,0.0000,0.0000,0.0000,0.0001,0.0004,0.0017
2024-07-17,0.0000,0.0000,0.0000,0.0000,0.0000,0.0000,0.0000,0.0000,0.0000,0.0000,0.0000,0.0000,0.0000,0.7228,0.2499,0.0000,0.0028,0.0245
2024-07-18,0.0000,0.0000,0.0000,0.0000,0.0000,0.0000,0.0000,0.0000,0.0000,0.0000,0.0000,0.0000,0.0000,0.5428,0.0882,0.0000,0.3393,0.0296
2024-07-19,0.0000,0.0000,0.0000,0.0000,0.0000,0.0000,0.0000,0.0000,0.0000,0.0000,0.0004,0.0000,0.0000,0.3991,0.0249,0.0000,0.5424,0.0332
2024-07-22,0.0000,0.0000,0.0000,0.0000,0.0000,0.0000,0.0000,0.0000,0.0000,0.0559,0.0000,0.0562,0.0059,0.0000,0.0000,0.0677,0.7791,0.0352
2024-07-23,0.0000,0.0000,0.0000,0.0002,0.1278,0.0000,0.3004,0.0000,0.0071,0.0000,0.0000,0.0000,0.0000,0.0000,0.0000,0.0015,0.5443,0.0188
2024-07-24,0.0000,0.0000,0.0000,0.0000,0.0000,0.0000,0.0000,0.0000,0.0000,0.0000,0.0000,0.0000,0.0000,0.0000,0.0023,0.0000,0.8742,0.1235
2024-07-25,0.0000,0.0000,0.0000,0.0000,0.0000,0.0000,0.0000,0.0000,0.0000,0.0000,0.0020,0.0000,0.0000,0.0008,0.0003,0.0000,0.9086,0.0884
2024-07-26,0.0000,0.0000,0.0000,0.0016,0.0000,0.0000,0.0000,0.0000,0.0000,0.0013,0.0000,0.0016,0.0001,0.0000,0.0000,0.0158,0.9224,0.0572
2024-07-29,0.0000,0.0000,0.0000,0.0001,0.0153,0.0000,0.0708,0.0000,0.0001,0.0000,0.0000,0.0000,0.0000,0.0000,0.0000,0.0027,0.8736,0.0374
2024-07-30,0.0000,0.0000,0.0001,0.0000,0.0000,0.0000,0.0000,0.0000,0.0000,0.0000,0.0350,0.0000,0.0000,0.0115,0.0020,0.0000,0.9158,0.0355
2024-07-31,0.0000,0.0000,0.0000,0.0000,0.0000,0.0000,0.0000,0.0000,0.0000,0.0000,0.0000,0.0000,0.0000,0.0000,0.0000,0.2884,0.6743,0.0374
2024-08-01,0.0000,0.0000,0.0000,0.0000,0.0000,0.0000,0.0000,0.0000,0.0000,0.0000,0.0000,0.0000,0.0000,0.0000,0.0000,0.0000,0.9460,0.0540
2024-08-02,0.0000,0.0000,0.0000,0.0000,0.0000,0.0000,0.0000,0.0000,0.0000,0.0000,0.0000,0.0000,0.0000,0.0000,0.0000,0.0000,0.6999,0.3001
2024-08-05,0.0000,0.0000,0.0000,0.0000,0.0000,0.0000,0.0000,0.0000,0.0000,0.0000,0.0000,0.0000,0.0000,0.0000,0.0000,0.0000,0.1852,0.8148
2024-08-06,0.0000,0.0000,0.0000,0.0000,0.0000,0.0000,0.0000,0.0000,0.0000,0.0000,0.0000,0.0000,0.0003,0.0000,0.0000,0.0798,0.2929,0.6270
2024-08-07,0.0009,0.0413,0.0000,0.0000,0.0000,0.0072,0.0000,0.0000,0.0001,0.0000,0.0000,0.0000,0.0000,0.0000,0.0000,0.0001,0.5028,0.4476
2024-08-08,0.0000,0.0000,0.0000,0.0000,0.0000,0.0000,0.0000,0.0000,0.0000,0.0000,0.0000,0.0002,0.0382,0.0000,0.0000,0.1025,0.5715,0.2877
2024-08-09,0.0000,0.0000,0.0000,0.0000,0.0000,0.0000,0.0000,0.0000,0.0000,0.0000,0.0000,0.0097,0.2943,0.0000,0.0000,0.0657,0.4889,0.1413
2024-08-12,0.0000,0.0000,0.0000,0.0204,0.0338,0.0000,0.3453,0.0000,0.0004,0.0091,0.0000,0.0000,0.0000,0.0000,0.0000,0.0037,0.5093,0.0779
2024-08-13,0.0000,0.0000,0.0000,0.0000,0.0000,0.0000,0.0000,0.0000,0.0000,0.0000,0.0000,0.0000,0.0098,0.0000,0.0000,0.2809,0.6266,0.0827
2024-08-14,0.0000,0.0000,0.0000,0.0000,0.0000,0.0000,0.0000,0.0000,0.0000,0.0000,0.0000,0.0030,0.5418,0.0000,0.0000,0.0494,0.3729,0.0330
2024-08-15,0.0000,0.0000,0.0000,0.0000,0.0000,0.0000,0.0000,0.0000,0.0000,0.0000,0.0000,0.0000,0.0000,0.0000,0.0000,0.4058,0.5328,0.0614
2024-08-16,0.0000,0.0000,0.0000,0.0768,0.0000,0.0000,0.0128,0.0000,0.0000,0.5425,0.0000,0.0003,0.0048,0.0000,0.0000,0.0052,0.3339,0.0237
2024-08-19,0.0000,0.0000,0.0000,0.0000,0.0000,0.0000,0.0000,0.0000,0.0000,0.0006,0.0000,0.0426,0.5786,0.0000,0.0000,0.0769,0.2860,0.0153
2024-08-20,0.0000,0.0000,0.0000,0.1073,0.0191,0.0000,0.4958,0.0000,0.0002,0.0485,0.0000,0.0002,0.0001,0.0000,0.0000,0.0053,0.3114,0.0121
2024-08-21,0.0000,0.0000,0.0000,0.0005,0.2792,0.0000,0.5140,0.0000,0.0523,0.0000,0.0000,0.0000,0.0000,0.0000,0.0000,0.0005,0.1475,0.0060
2024-08-22,0.0000,0.0000,0.7558,0.0000,0.0000,0.0000,0.0000,0.0074,0.0000,0.0000,0.0841,0.0000,0.0000,0.0279,0.0072,0.0000,0.1112,0.0064
2024-08-23,0.0000,0.0000,0.0000,0.0042,0.0000,0.0000,0.0000,0.0000,0.0000,0.4359,0.0000,0.4477,0.0229,0.0000,0.0000,0.0029,0.0830,0.0035
2024-08-26,0.0000,0.1339,0.0000,0.0000,0.0148,0.0001,0.0003,0.0000,0.8234,0.0000,0.0000,0.0000,0.0000,0.0000,0.0000,0.0001,0.0265,0.0009
2024-08-27,0.9261,0.0052,0.0000,0.0000,0.0000,0.0424,0.0000,0.0001,0.0210,0.0000,0.0000,0.0000,0.0000,0.0000,0.0001,0.0000,0.0050,0.0001
2024-08-28,0.0000,0.0000,0.1050,0.0000,0.0000,0.0000,0.0000,0.0001,0.0000,0.0000,0.1620,0.0000,0.0000,0.7191,0.0052,0.0000,0.0083,0.0002
2024-08-29,0.0000,0.0000,0.0000,0.7414,0.0094,0.0000,0.0911,0.0000,0.0000,0.0125,0.0000,0.0001,0.0000,0.0000,0.0000,0.0032,0.1366,0.0057
2024-08-30,0.0000,0.0000,0.0000,0.0043,0.0805,0.0000,0.8528,0.0000,0.0036,0.0008,0.0000,0.0000,0.0000,0.0000,0.0000,0.0010,0.0550,0.0020
2024-09-03,0.0000,0.0000,0.0000,0.0000,0.0000,0.0000,0.0000,0.0000,0.0000,0.0000,0.0000,0.0000,0.0000,0.0280,0.6243,0.0000,0.2850,0.0628
2024-09-04,0.0000,0.0000,0.0000,0.0000,0.0000,0.0000,0.0000,0.0000,0.0000,0.0000,0.0273,0.0000,0.0000,0.2870,0.1285,0.0000,0.5155,0.0418
2024-09-05,0.0000,0.0000,0.2532,0.0000,0.0000,0.0000,0.0000,0.1422,0.0000,0.0000,0.0060,0.0000,0.0000,0.0072,0.0024,0.0000,0.5611,0.0279
2024-09-06,0.0000,0.0000,0.0000,0.0000,0.0000,0.0000,0.0000,0.0000,0.0000,0.0000,0.0000,0.0000,0.0000,0.0003,0.1151,0.0000,0.8203,0.0644
2024-09-09,0.0000,0.0000,0.0000,0.0004,0.0000,0.0000,0.0001,0.0000,0.0000,0.0406,0.0000,0.0176,0.0004,0.0000,0.0000,0.0157,0.8812,0.0441
2024-09-10,0.0000,0.0000,0.0000,0.0465,0.0000,0.0000,0.0248,0.0000,0.0000,0.0430,0.0000,0.0003,0.0002,0.0000,0.0000,0.0093,0.8441,0.0318
2024-09-11,0.0000,0.0000,0.0000,0.0060,0.0106,0.0000,0.2768,0.0000,0.0002,0.0008,0.0000,0.0000,0.0000,0.0000,0.0000,0.0031,0.6813,0.0212
2024-09-12,0.0000,0.0000,0.0000,0.0000,0.0000,0.0000,0.0000,0.0000,0.0000,0.0000,0.0000,0.0000,0.0000,0.0000,0.0000,0.2223,0.7320,0.0458
2024-09-13,0.0000,0.0000,0.0000,0.0000,0.0000,0.0000,0.0000,0.0000,0.0000,0.0000,0.0000,0.0000,0.5056,0.0000,0.0000,0.0790,0.3949,0.0205
2024-09-16,0.0002,0.4325,0.0000,0.0000,0.0081,0.0003,0.0000,0.0000,0.3758,0.0000,0.0000,0.0000,0.0000,0.0000,0.0000,0.0002,0.1764,0.0066
2024-09-17,0.0000,0.0000,0.0000,0.0673,0.0328,0.0000,0.7532,0.0000,0.0004,0.0114,0.0000,0.0001,0.0000,0.0000,0.0000,0.0011,0.1297,0.0040
2024-09-18,0.1651,0.4454,0.0000,0.0000,0.0001,0.0307,0.0000,0.0000,0.3040,0.0000,0.0000,0.0000,0.0000,0.0000,0.0000,0.0000,0.0515,0.0032
2024-09-19,0.0000,0.0000,0.0000,0.0000,0.0000,0.0000,0.0000,0.0000,0.0000,0.0000,0.0000,0.0000,0.2679,0.0000,0.0000,0.4124,0.3014,0.0183
2024-09-20,0.0000,0.0000,0.7118,0.0000,0.0000,0.0000,0.0000,0.0556,0.0000,0.0000,0.0035,0.0000,0.0000,0.0038,0.0000,0.0000,0.2156,0.0098
2024-09-23,0.0000,0.0000,0.0000,0.0765,0.0965,0.0000,0.6053,0.0000,0.0005,0.0047,0.0000,0.0001,0.0001,0.0000,0.0000,0.0010,0.2080,0.0072
2024-09-24,0.0000,0.0000,0.0000,0.0000,0.3715,0.0000,0.0813,0.0000,0.4557,0.0000,0.0000,0.0000,0.0000,0.0000,0.0000,0.0002,0.0873,0.0040
2024-09-25,0.0166,0.6318,0.0000,0.0000,0.0006,0.0051,0.0000,0.0000,0.3170,0.0000,0.0000,0.0000,0.0000,0.0000,0.0001,0.0000,0.0277,0.0011
2024-09-26,0.0000,0.0000,0.0000,0.0416,0.0470,0.0000,0.8806,0.0000,0.0005,0.0107,0.0000,0.0000,0.0000,0.0000,0.0000,0.0006,0.0184,0.0006
2024-09-27,0.0087,0.5013,0.0000,0.0000,0.0007,0.0047,0.0000,0.0000,0.4784,0.0000,0.0000,0.0000,0.0000,0.0000,0.0000,0.0000,0.0048,0.0015
2024-09-30,0.8743,0.0363,0.0000,0.0000,0.0000,0.0668,0.0000,0.0000,0.0214,0.0000,0.0000,0.0000,0.0000,0.0000,0.0001,0.0000,0.0010,0.0002
2024-10-01,0.0000,0.0000,0.0000,0.0000,0.0000,0.0000,0.0000,0.0000,0.0000,0.0000,0.0683,0.0000,0.0000,0.9202,0.0105,0.0000,0.0009,0.0001
2024-10-02,0.0637,0.0001,0.0000,0.0000,0.0000,0.4413,0.0000,0.0056,0.0009,0.0000,0.0000,0.0000,0.0000,0.0002,0.0002,0.0001,0.4683,0.0195
2024-10-03,0.0000,0.0000,0.0000,0.0000,0.0000,0.2338,0.0000,0.3794,0.0000,0.0000,0.0000,0.0000,0.0000,0.0003,0.0018,0.0000,0.3722,0.0126
2024-10-04,0.0000,0.0000,0.0000,0.0000,0.0000,0.0000,0.0000,0.0000,0.0000,0.0120,0.0000,0.3743,0.1217,0.0000,0.0000,0.0359,0.4419,0.0141
2024-10-07,0.0000,0.0000,0.1885,0.0000,0.0000,0.0001,0.0000,0.1644,0.0000,0.0000,0.0091,0.0000,0.0000,0.0052,0.0051,0.0000,0.6095,0.0182
2024-10-08,0.0000,0.0000,0.0000,0.0710,0.0000,0.0000,0.0012,0.0000,0.0000,0.4680,0.0000,0.0200,0.0017,0.0000,0.0000,0.0072,0.4192,0.0116
2024-10-09,0.0000,0.0000,0.0000,0.0000,0.0000,0.0000,0.0000,0.0000,0.0000,0.0000,0.0000,0.0184,0.5777,0.0000,0.0000,0.0827,0.3120,0.0093
2024-10-10,0.0165,0.6893,0.0000,0.0000,0.0006,0.0034,0.0000,0.0000,0.1766,0.0000,0.0000,0.0000,0.0000,0.0000,0.0000,0.0001,0.1106,0.0030
2024-10-11,0.0000,0.0000,0.0000,0.0002,0.0000,0.0000,0.0000,0.0000,0.0000,0.8292,0.0000,0.0943,0.0114,0.0000,0.0000,0.0051,0.0583,0.0016
2024-10-14,0.0000,0.0000,0.0000,0.0000,0.0000,0.0000,0.0000,0.0000,0.0000,0.0000,0.0000,0.0164,0.8816,0.0000,0.0000,0.0652,0.0358,0.0011
2024-10-15,0.0000,0.0000,0.0477,0.0000,0.0000,0.0002,0.0000,0.9213,0.0000,0.0000,0.0016,0.0000,0.0000,0.0051,0.0001,0.0000,0.0235,0.0007
2024-10-16,0.8269,0.0010,0.0000,0.0000,0.0000,0.1654,0.0000,0.0006,0.0002,0.0000,0.0000,0.0000,0.0000,0.0000,0.0003,0.0000,0.0055,0.0002
2024-10-17,0.0000,0.0000,0.0000,0.8110,0.0000,0.0000,0.1015,0.0000,0.0000,0.0773,0.0000,0.0058,0.0007,0.0000,0.0000,0.0000,0.0034,0.0001
2024-10-18,0.0000,0.0000,0.0000,0.0000,0.4631,0.0000,0.0589,0.0000,0.4751,0.0000,0.0000,0.0000,0.0000,0.0000,0.0000,0.0005,0.0020,0.0004
2024-10-21,0.0000,0.0000,0.0001,0.0000,0.0000,0.0467,0.0000,0.9497,0.0000,0.0000,0.0001,0.0000,0.0000,0.0010,0.0014,0.0000,0.0009,0.0003
2024-10-22,0.8585,0.0021,0.0000,0.0000,0.0000,0.1378,0.0000,0.0003,0.0006,0.0000,0.0000,0.0000,0.0000,0.0000,0.0003,0.0000,0.0003,0.0000
2024-10-23,0.0000,0.0000,0.0000,0.0000,0.0000,0.0000,0.0000,0.0000,0.0000,0.0000,0.0001,0.0000,0.0000,0.9772,0.0224,0.0000,0.0003,0.0000
2024-10-24,0.0000,0.3844,0.0000,0.0000,0.0910,0.0000,0.0000,0.0000,0.2248,0.0000,0.0000,0.0000,0.0000,0.0000,0.0000,0.0006,0.2875,0.0117
2024-10-25,0.0000,0.0000,0.0000,0.0437,0.0285,0.0000,0.7106,0.0000,0.0003,0.0086,0.0000,0.0000,0.0000,0.0000,0.0000,0.0015,0.2004,0.0065
2024-10-28,0.0000,0.0007,0.0000,0.0000,0.0874,0.0000,0.0029,0.0000,0.8526,0.0000,0.0000,0.0000,0.0000,0.0000,0.0000,0.0001,0.0537,0.0026
2024-10-29,0.6691,0.1021,0.0000,0.0000,0.0001,0.0190,0.0000,0.0000,0.1886,0.0000,0.0000,0.0000,0.0000,0.0000,0.0001,0.0000,0.0203,0.0007
2024-10-30,0.8638,0.0005,0.0000,0.0000,0.0000,0.1213,0.0000,0.0005,0.0088,0.0000,0.0000,0.0000,0.0000,0.0000,0.0000,0.0000,0.0048,0.0001
2024-10-31,0.0000,0.0000,0.0000,0.0000,0.0000,0.0000,0.0000,0.0000,0.0000,0.0000,0.0000,0.0000,0.0000,0.0000,0.5821,0.0000,0.3840,0.0339
2024-11-01,0.0000,0.0000,0.0000,0.0000,0.0011,0.0000,0.0154,0.0000,0.0000,0.0000,0.0000,0.0000,0.0000,0.0000,0.0001,0.0006,0.9497,0.0332
2024-11-04,0.0000,0.0000,0.0354,0.0000,0.0000,0.0000,0.0000,0.0007,0.0000,0.0000,0.0011,0.0000,0.0000,0.0003,0.0001,0.0000,0.9326,0.0298
2024-11-05,0.0000,0.0000,0.0000,0.0000,0.0000,0.0000,0.0000,0.0000,0.0000,0.0000,0.0000,0.0075,0.0457,0.0000,0.0000,0.1148,0.8058,0.0262
2024-11-06,0.0000,0.0000,0.0000,0.0000,0.0000,0.0000,0.0000,0.0000,0.0000,0.0000,0.0000,0.0000,0.0000,0.0000,0.0000,0.0002,0.8234,0.1764
2024-11-07,0.0000,0.0000,0.0000,0.0000,0.0000,0.0000,0.0000,0.0000,0.0000,0.0000,0.0000,0.0000,0.0017,0.0000,0.0000,0.2399,0.6538,0.1046
2024-11-08,0.0000,0.0000,0.0000,0.0002,0.0000,0.0000,0.0000,0.0000,0.0000,0.4085,0.0000,0.0068,0.0317,0.0000,0.0000,0.0159,0.4901,0.0469
2024-11-11,0.0000,0.0000,0.0000,0.0000,0.5223,0.0000,0.0603,0.0000,0.0866,0.0000,0.0000,0.0000,0.0000,0.0000,0.0000,0.0008,0.3116,0.0184
2024-11-12,0.0000,0.0000,0.0015,0.0000,0.0000,0.0110,0.0000,0.7878,0.0000,0.0000,0.0002,0.0000,0.0000,0.0028,0.0019,0.0000,0.1866,0.0083
2024-11-13,0.0226,0.8829,0.0000,0.0000,0.0008,0.0045,0.0000,0.0000,0.0088,0.0000,0.0000,0.0000,0.0000,0.0000,0.0002,0.0000,0.0775,0.0026
2024-11-14,0.0000,0.0000,0.4047,0.0000,0.0000,0.0000,0.0000,0.0000,0.0000,0.0000,0.4241,0.0000,0.0000,0.0134,0.0408,0.0000,0.1134,0.0037
2024-11-15,0.0000,0.0000,0.0000,0.0000,0.0000,0.0000,0.0000,0.0000,0.0000,0.0000,0.0000,0.0000,0.0000,0.0069,0.6557,0.0000,0.3211,0.0163
2024-11-18,0.0000,0.4724,0.0000,0.0000,0.0001,0.0010,0.0000,0.0000,0.0010,0.0000,0.0000,0.0000,0.0000,0.0000,0.0002,0.0001,0.5144,0.0108
2024-11-19,0.0000,0.0000,0.0000,0.0000,0.6125,0.0000,0.0486,0.0000,0.0309,0.0000,0.0000,0.0000,0.0000,0.0000,0.0000,0.0005,0.3007,0.0067
2024-11-20,0.3134,0.0025,0.0000,0.0000,0.0000,0.5320,0.0000,0.0005,0.0020,0.0000,0.0000,0.0000,0.0000,0.0000,0.0002,0.0000,0.1457,0.0035
2024-11-21,0.0000,0.0000,0.0000,0.0000,0.0000,0.0000,0.0000,0.0000,0.0000,0.0013,0.0000,0.6643,0.1652,0.0000,0.0000,0.0143,0.1509,0.0041
2024-11-22,0.0000,0.0000,0.0000,0.1423,0.0000,0.0000,0.0032,0.0000,0.0000,0.7160,0.0000,0.0598,0.0007,0.0000,0.0000,0.0033,0.0726,0.0019
2024-11-25,0.0000,0.0000,0.0000,0.0033,0.0000,0.0000,0.0001,0.0000,0.0000,0.9192,0.0000,0.0256,0.0126,0.0000,0.0000,0.0084,0.0299,0.0008
2024-11-26,0.0000,0.0000,0.0000,0.0728,0.0002,0.0000,0.5140,0.0000,0.0000,0.3683,0.0000,0.0003,0.0018,0.0000,0.0000,0.0086,0.0331,0.0009
2024-11-27,0.0001,0.0000,0.0000,0.0000,0.0000,0.8296,0.0000,0.1512,0.0000,0.0000,0.0000,0.0000,0.0000,0.0001,0.0002,0.0000,0.0168,0.0020
2024-11-29,0.0000,0.0000,0.0000,0.0576,0.0000,0.0000,0.0004,0.0000,0.0000,0.8665,0.0000,0.0679,0.0009,0.0000,0.0000,0.0001,0.0061,0.0004
2024-12-02,0.0000,0.0000,0.0000,0.0048,0.0470,0.0000,0.9404,0.0000,0.0005,0.0031,0.0000,0.0000,0.0000,0.0000,0.0000,0.0014,0.0025,0.0001
2024-12-03,0.0312,0.5152,0.0000,0.0000,0.0004,0.0103,0.0000,0.0000,0.4405,0.0000,0.0000,0.0000,0.0000,0.0000,0.0000,0.0000,0.0008,0.0016
2024-12-04,0.0000,0.0000,0.0000,0.0074,0.0000,0.0000,0.0001,0.0000,0.0000,0.8733,0.0000,0.1125,0.0041,0.0000,0.0000,0.0018,0.0005,0.0004
2024-12-05,0.0000,0.0000,0.0000,0.0000,0.5775,0.0000,0.0360,0.0000,0.3856,0.0000,0.0000,0.0000,0.0000,0.0000,0.0000,0.0004,0.0003,0.0001
2024-12-06,0.0000,0.1929,0.0000,0.0000,0.0222,0.0002,0.0002,0.0000,0.7842,0.0000,0.0000,0.0000,0.0000,0.0000,0.0000,0.0000,0.0001,0.0001
2024-12-09,0.0000,0.0000,0.6644,0.0000,0.0000,0.0000,0.0000,0.1992,0.0000,0.0000,0.1266,0.0000,0.0000,0.0008,0.0088,0.0000,0.0001,0.0001
2024-12-10,0.0000,0.0000,0.7710,0.0000,0.0000,0.0000,0.0000,0.1971,0.0000,0.0000,0.0134,0.0000,0.0000,0.0132,0.0037,0.0000,0.0017,0.0000
2024-12-11,0.0000,0.0000,0.0000,0.0000,0.0000,0.0000,0.0000,0.0000,0.0000,0.1884,0.0000,0.7455,0.0618,0.0000,0.0000,0.0004,0.0037,0.0001
2024-12-12,0.0000,0.0000,0.0047,0.0000,0.0000,0.0206,0.0000,0.9641,0.0000,0.0000,0.0008,0.0000,0.0000,0.0017,0.0041,0.0000,0.0038,0.0001
2024-12-13,0.0000,0.0000,0.0000,0.0000,0.0000,0.0722,0.0000,0.9228,0.0000,0.0000,0.0000,0.0000,0.0000,0.0001,0.0028,0.0000,0.0021,0.0000
2024-12-16,0.0000,0.0000,0.0000,0.3605,0.0000,0.0000,0.0668,0.0000,0.0000,0.5702,0.0000,0.0005,0.0004,0.0000,0.0000,0.0000,0.0015,0.0000
2024-12-17,0.0000,0.0000,0.4860,0.0000,0.0000,0.0000,0.0000,0.0136,0.0000,0.0000,0.4508,0.0000,0.0000,0.0467,0.0008,0.0000,0.0016,0.0005
2024-12-18,0.0000,0.0000,0.0000,0.0000,0.0000,0.0000,0.0000,0.0000,0.0000,0.0000,0.0000,0.0000,0.0000,0.0000,0.8276,0.0000,0.1510,0.0214
2024-12-19,0.0000,0.0000,0.0000,0.0000,0.0000,0.0000,0.0000,0.0000,0.0000,0.0000,0.0000,0.0000,0.0000,0.0023,0.4360,0.0000,0.5342,0.0276
2024-12-20,0.0000,0.0014,0.0000,0.0000,0.0021,0.0000,0.0012,0.0000,0.0009,0.0000,0.0000,0.0000,0.0000,0.0000,0.0001,0.0005,0.9663,0.0275
2024-12-23,0.0000,0.0000,0.0000,0.0000,0.0000,0.0000,0.0000,0.0000,0.0000,0.0000,0.0000,0.0183,0.0059,0.0000,0.0000,0.0758,0.8743,0.0256
2024-12-24,0.0000,0.0000,0.0000,0.0000,0.0000,0.0000,0.0000,0.0000,0.0000,0.0000,0.0000,0.0000,0.0234,0.0000,0.0000,0.2805,0.6704,0.0256
2024-12-26,0.0000,0.0000,0.0000,0.0432,0.0028,0.0000,0.5203,0.0000,0.0000,0.0173,0.0000,0.0000,0.0002,0.0000,0.0000,0.0026,0.4010,0.0126
2024-12-27,0.0000,0.0000,0.0000,0.0000,0.0000,0.0000,0.0000,0.0000,0.0000,0.0000,0.0000,0.0000,0.0000,0.0191,0.1268,0.0000,0.8052,0.0489
2024-12-30,0.0000,0.0000,0.0000,0.0000,0.0000,0.0000,0.0000,0.0000,0.0000,0.0000,0.0000,0.0000,0.0000,0.0162,0.0679,0.0000,0.8619,0.0540
2024-12-31,0.0000,0.0000,0.1944,0.0000,0.0000,0.0000,0.0000,0.0023,0.0000,0.0000,0.0282,0.0000,0.0000,0.0028,0.0016,0.0000,0.7371,0.0335
2025-01-03,0.0000,0.0000,0.0000,0.0000,0.0000,0.0000,0.0000,0.0000,0.0000,0.0054,0.0000,0.3605,0.0494,0.0000,0.0000,0.0337,0.5310,0.0201
2025-01-06,0.0000,0.0000,0.0000,0.0000,0.0000,0.0000,0.0000,0.0000,0.0000,0.0000,0.0000,0.0000,0.0846,0.0000,0.0000,0.2540,0.6351,0.0262
2025-01-07,0.0000,0.0000,0.0000,0.0000,0.0000,0.0000,0.0000,0.0000,0.0000,0.0000,0.0000,0.0000,0.0000,0.0251,0.0000,0.0000,0.9305,0.0443
2025-01-08,0.0000,0.0000,0.0063,0.0000,0.0000,0.0000,0.0000,0.0000,0.0000,0.0000,0.0000,0.0000,0.0000,0.0032,0.0000,0.0000,0.9526,0.0379
2025-01-10,0.0000,0.0000,0.0000,0.0000,0.0000,0.0000,0.0000,0.0000,0.0000,0.0000,0.0000,0.0000,0.0000,0.0004,0.0000,0.0000,0.9470,0.0525
2025-01-13,0.0000,0.0000,0.0000,0.0000,0.0000,0.0000,0.0000,0.0000,0.0000,0.0000,0.0001,0.0000,0.0000,0.0001,0.0000,0.0000,0.9565,0.0433
2025-01-14,0.0000,0.0000,0.0000,0.0000,0.0000,0.0000,0.0000,0.0000,0.0000,0.0001,0.0000,0.0054,0.0002,0.0000,0.0000,0.0233,0.9370,0.0339
2025-01-15,0.0000,0.0000,0.0000,0.0000,0.0000,0.0000,0.0000,0.0000,0.0000,0.0000,0.0000,0.0000,0.0000,0.0000,0.0000,0.1496,0.7930,0.0574
2025-01-16,0.0000,0.0000,0.0000,0.0000,0.3476,0.0000,0.0709,0.0000,0.0000,0.0000,0.0000,0.0000,0.0000,0.0000,0.0000,0.0009,0.5542,0.0265
2025-01-17,0.0000,0.0000,0.0000,0.0000,0.0000,0.0000,0.0000,0.0000,0.0000,0.0000,0.0000,0.0008,0.3546,0.0000,0.0000,0.1379,0.4849,0.0218
2025-01-21,0.0000,0.0000,0.0000,0.0000,0.0000,0.0000,0.0000,0.0000,0.0000,0.0040,0.0000,0.3331,0.2443,0.0000,0.0000,0.0529,0.3522,0.0135
2025-01-22,0.0000,0.0000,0.0000,0.0000,0.0000,0.0000,0.0000,0.0000,0.0000,0.0000,0.0000,0.0030,0.4347,0.0000,0.0000,0.1491,0.3982,0.0151
2025-01-23,0.0000,0.0000,0.0000,0.0040,0.1822,0.0000,0.5012,0.0000,0.0030,0.0020,0.0000,0.0000,0.0000,0.0000,0.0000,0.0022,0.2962,0.0092
2025-01-24,0.0000,0.0589,0.0000,0.0000,0.0167,0.0001,0.0003,0.0000,0.8156,0.0000,0.0000,0.0000,0.0000,0.0000,0.0000,0.0001,0.1045,0.0039
2025-01-27,0.0000,0.0000,0.0000,0.0000,0.0000,0.0000,0.0000,0.0000,0.0000,0.0000,0.0000,0.0000,0.0000,0.0000,0.1888,0.0000,0.7386,0.0726
2025-01-28,0.0000,0.0000,0.0000,0.0000,0.0000,0.0000,0.0000,0.0000,0.0000,0.0001,0.0000,0.1302,0.0325,0.0000,0.0000,0.0636,0.7285,0.0452
2025-01-29,0.0006,0.0000,0.0000,0.0000,0.0000,0.4129,0.0000,0.0026,0.0001,0.0000,0.0000,0.0000,0.0000,0.0000,0.0001,0.0000,0.5594,0.0242
2025-01-30,0.0000,0.0000,0.0000,0.3251,0.0012,0.0000,0.2111,0.0000,0.0000,0.0397,0.0000,0.0004,0.0000,0.0000,0.0000,0.0029,0.4057,0.0138
2025-01-31,0.0000,0.1139,0.0000,0.0000,0.0185,0.0001,0.0002,0.0000,0.6619,0.0000,0.0000,0.0000,0.0000,0.0000,0.0000,0.0002,0.1989,0.0063
2025-02-03,0.0000,0.0000,0.0000,0.0000,0.0000,0.0000,0.0000,0.0000,0.0000,0.0000,0.0000,0.0000,0.0000,0.0000,0.4062,0.0000,0.5606,0.0331
2025-02-04,0.0000,0.0000,0.0000,0.0000,0.0000,0.0000,0.0000,0.0000,0.0000,0.0010,0.0000,0.3762,0.0355,0.0000,0.0000,0.0318,0.5363,0.0191
2025-02-05,0.0000,0.0000,0.0000,0.0591,0.0016,0.0000,0.7108,0.0000,0.0002,0.0033,0.0000,0.0000,0.0000,0.0000,0.0000,0.0012,0.2173,0.0065
2025-02-06,0.0000,0.0000,0.0000,0.0229,0.0000,0.0000,0.0001,0.0000,0.0000,0.3118,0.0000,0.3147,0.0037,0.0000,0.0000,0.0112,0.3201,0.0155
2025-02-07,0.0000,0.0000,0.2507,0.0000,0.0000,0.0000,0.0000,0.0027,0.0000,0.0000,0.3297,0.0000,0.0000,0.0135,0.0085,0.0000,0.3798,0.0151
2025-02-10,0.0000,0.0000,0.0000,0.0003,0.6290,0.0000,0.1593,0.0000,0.0053,0.0000,0.0000,0.0000,0.0000,0.0000,0.0000,0.0005,0.1993,0.0063
2025-02-11,0.0001,0.7038,0.0000,0.0000,0.0011,0.0012,0.0000,0.0000,0.2139,0.0000,0.0000,0.0000,0.0000,0.0000,0.0000,0.0001,0.0772,0.0025
2025-02-12,0.0000,0.0000,0.3487,0.0000,0.0000,0.0000,0.0000,0.0001,0.0000,0.0000,0.5508,0.0000,0.0000,0.0002,0.0242,0.0000,0.0736,0.0023
2025-02-13,0.0000,0.0000,0.0000,0.0000,0.0000,0.0000,0.0000,0.0000,0.0000,0.0000,0.0000,0.0001,0.8259,0.0000,0.0000,0.0335,0.1362,0.0043
2025-02-14,0.0000,0.0000,0.0000,0.0442,0.0000,0.0000,0.0003,0.0000,0.0000,0.8773,0.0000,0.0269,0.0012,0.0000,0.0000,0.0051,0.0437,0.0012
2025-02-18,0.0149,0.8902,0.0000,0.0000,0.0005,0.0020,0.0000,0.0000,0.0816,0.0000,0.0000,0.0000,0.0000,0.0000,0.0000,0.0001,0.0104,0.0003
2025-02-19,0.0000,0.0000,0.0000,0.0004,0.3672,0.0000,0.6217,0.0000,0.0045,0.0005,0.0000,0.0000,0.0000,0.0000,0.0000,0.0004,0.0052,0.0001
2025-02-20,0.0000,0.0000,0.9121,0.0000,0.0000,0.0000,0.0000,0.0201,0.0000,0.0000,0.0345,0.0000,0.0000,0.0218,0.0058,0.0000,0.0032,0.0025
2025-02-21,0.0000,0.0000,0.0000,0.0000,0.0000,0.0000,0.0000,0.0000,0.0000,0.0000,0.0000,0.0000,0.0000,0.8392,0.1175,0.0000,0.0365,0.0067
2025-02-24,0.0000,0.0000,0.0000,0.0000,0.0000,0.0000,0.0000,0.0000,0.0000,0.0000,0.0000,0.0000,0.0000,0.5719,0.0438,0.0000,0.3634,0.0209
2025-02-25,0.0000,0.0000,0.0000,0.0000,0.0000,0.0000,0.0000,0.0000,0.0000,0.0000,0.0000,0.0000,0.0000,0.3281,0.0225,0.0000,0.6151,0.0343
2025-02-26,0.0000,0.0000,0.0000,0.0289,0.1459,0.0000,0.0131,0.0000,0.0005,0.0004,0.0000,0.0000,0.0000,0.0000,0.0000,0.0039,0.7765,0.0308
2025-02-27,0.0000,0.0000,0.0000,0.0000,0.0000,0.0000,0.0000,0.0000,0.0000,0.0000,0.0000,0.0000,0.0000,0.0987,0.0404,0.0000,0.8228,0.0381
2025-02-28,0.0000,0.0000,0.2467,0.0000,0.0000,0.0000,0.0000,0.0040,0.0000,0.0000,0.0128,0.0000,0.0000,0.0049,0.0009,0.0000,0.7042,0.0265
2025-03-03,0.2695,0.0008,0.0000,0.0000,0.0000,0.0349,0.0000,0.0004,0.0033,0.0000,0.0000,0.0000,0.0000,0.0000,0.0000,0.0001,0.6703,0.0207
2025-03-04,0.0000,0.0000,0.0000,0.0000,0.0000,0.0000,0.0000,0.0000,0.0000,0.0000,0.0000,0.0000,0.0000,0.0000,0.0026,0.0000,0.9138,0.0836
2025-03-05,0.0000,0.0000,0.0000,0.0000,0.0000,0.0000,0.0016,0.0000,0.0000,0.0000,0.0000,0.0000,0.0000,0.0000,0.0000,0.0036,0.9409,0.0540
2025-03-06,0.0000,0.0000,0.0000,0.0000,0.0000,0.0000,0.0000,0.0000,0.0000,0.0000,0.0000,0.0000,0.0000,0.0001,0.0002,0.0000,0.9423,0.0574
2025-03-07,0.0000,0.0000,0.0008,0.0000,0.0000,0.0000,0.0000,0.0000,0.0000,0.0000,0.0000,0.0000,0.0000,0.0000,0.0000,0.0000,0.9556,0.0435
2025-03-10,0.0000,0.0000,0.0000,0.0000,0.0000,0.0000,0.0000,0.0000,0.0000,0.0000,0.0000,0.0000,0.0000,0.0000,0.0000,0.0000,0.9035,0.0965
2025-03-11,0.0000,0.0000,0.0000,0.0000,0.0000,0.0000,0.0000,0.0000,0.0000,0.0000,0.0000,0.0000,0.0000,0.0000,0.0000,0.0000,0.9026,0.0974
2025-03-12,0.0000,0.0000,0.0000,0.0004,0.0000,0.0000,0.0000,0.0000,0.0000,0.0000,0.0000,0.0000,0.0000,0.0000,0.0000,0.0066,0.9315,0.0615
2025-03-13,0.0000,0.0000,0.0000,0.0000,0.0000,0.0000,0.0000,0.0000,0.0000,0.0000,0.0000,0.0000,0.0000,0.0000,0.0000,0.0000,0.9292,0.0708
2025-03-14,0.0000,0.0000,0.0000,0.0000,0.0000,0.0000,0.0000,0.0000,0.0000,0.0000,0.0000,0.0000,0.0004,0.0000,0.0000,0.2826,0.6685,0.0485
2025-03-17,0.0000,0.0000,0.0000,0.0000,0.0000,0.0000,0.0000,0.0000,0.0000,0.0000,0.0000,0.0000,0.0287,0.0000,0.0000,0.2867,0.6384,0.0462
2025-03-18,0.0000,0.0000,0.0000,0.0000,0.0000,0.0000,0.0000,0.0000,0.0000,0.0000,0.0000,0.0000,0.0000,0.0123,0.0000,0.0000,0.9259,0.0618
2025-03-19,0.0000,0.0000,0.0000,0.0000,0.0000,0.0000,0.0000,0.0000,0.0000,0.0000,0.0000,0.0002,0.0082,0.0000,0.0000,0.1463,0.8021,0.0432
2025-03-20,0.0000,0.1352,0.0000,0.0000,0.0119,0.0000,0.0001,0.0000,0.0166,0.0000,0.0000,0.0000,0.0000,0.0000,0.0000,0.0003,0.8048,0.0311
2025-03-21,0.0000,0.0000,0.0000,0.0000,0.0000,0.0000,0.0000,0.0000,0.0000,0.0000,0.0000,0.0000,0.0000,0.0120,0.0332,0.0000,0.9167,0.0380
2025-03-24,0.0000,0.0000,0.0000,0.0000,0.0000,0.0000,0.0000,0.0000,0.0000,0.0000,0.0000,0.0000,0.0000,0.0000,0.0000,0.0292,0.8717,0.0991
2025-03-25,0.0000,0.0000,0.0000,0.0141,0.0000,0.0000,0.0474,0.0000,0.0000,0.0081,0.0000,0.0000,0.0001,0.0000,0.0000,0.0068,0.8638,0.0597
2025-03-26,0.0000,0.0000,0.0000,0.0000,0.0000,0.0000,0.0000,0.0000,0.0000,0.0000,0.0000,0.0000,0.0000,0.0266,0.0037,0.0000,0.9127,0.0570
2025-03-27,0.0000,0.0000,0.0097,0.0000,0.0000,0.0000,0.0000,0.0000,0.0000,0.0000,0.0064,0.0000,0.0000,0.0035,0.0002,0.0000,0.9356,0.0446
2025-03-28,0.0000,0.0000,0.0000,0.0000,0.0000,0.0000,0.0000,0.0000,0.0000,0.0000,0.0000,0.0000,0.0000,0.0000,0.0002,0.0000,0.8790,0.1208
2025-03-31,0.0000,0.0000,0.0001,0.0000,0.0000,0.0000,0.0000,0.0000,0.0000,0.0000,0.0003,0.0000,0.0000,0.0000,0.0000,0.0000,0.9183,0.0812
2025-04-01,0.0000,0.0000,0.0000,0.0000,0.0000,0.0000,0.0000,0.0000,0.0000,0.0000,0.0000,0.0209,0.0013,0.0000,0.0000,0.0454,0.8794,0.0530
2025-04-02,0.0000,0.0000,0.0000,0.0353,0.0003,0.0000,0.1467,0.0000,0.0000,0.0073,0.0000,0.0000,0.0001,0.0000,0.0000,0.0053,0.7723,0.0328
2025-04-03,0.0000,0.0000,0.0000,0.0000,0.0000,0.0000,0.0000,0.0000,0.0000,0.0000,0.0000,0.0000,0.0000,0.0000,0.0000,0.0000,0.2965,0.7035
2025-04-04,0.0000,0.0000,0.0000,0.0000,0.0000,0.0000,0.0000,0.0000,0.0000,0.0000,0.0000,0.0000,0.0000,0.0000,0.0000,0.0000,0.0000,1.0000
2025-04-07,0.0000,0.0000,0.0000,0.0000,0.0000,0.0000,0.0000,0.0000,0.0000,0.0000,0.0000,0.0000,0.0000,0.0000,0.0000,0.0000,0.0091,0.9909
2025-04-08,0.0000,0.0000,0.0000,0.0000,0.0000,0.0000,0.0000,0.0000,0.0000,0.0000,0.0000,0.0000,0.0000,0.0000,0.0000,0.0047,0.1241,0.8712
2025-04-09,0.0000,0.0000,0.0000,0.0000,0.0000,0.0000,0.0000,0.0000,0.0000,0.0000,0.0000,0.0000,0.0000,0.0000,0.0000,0.0000,0.0254,0.9746
2025-04-10,0.0000,0.0000,0.0000,0.0000,0.0000,0.0000,0.0000,0.0000,0.0000,0.0000,0.0000,0.0004,0.0000,0.0000,0.0000,0.0013,0.1933,0.8051
2025-04-11,0.0000,0.0000,0.0000,0.0000,0.0000,0.0000,0.0000,0.0000,0.0000,0.0000,0.0000,0.0000,0.0048,0.0000,0.0000,0.0690,0.3174,0.6088
2025-04-14,0.0000,0.0000,0.0000,0.0000,0.0000,0.0000,0.0000,0.0000,0.0000,0.0000,0.0000,0.0000,0.0000,0.0000,0.0000,0.0090,0.2627,0.7282
2025-04-15,0.0000,0.0000,0.0000,0.0000,0.0000,0.0042,0.0000,0.0000,0.0000,0.0000,0.0000,0.0000,0.0000,0.0000,0.0000,0.0000,0.4746,0.5212
2025-04-16,0.0000,0.0000,0.0000,0.0000,0.0000,0.0000,0.0000,0.0000,0.0000,0.0000,0.0000,0.0000,0.0000,0.0000,0.0000,0.0000,0.2254,0.7746
2025-04-17,0.0000,0.0000,0.0000,0.0000,0.0000,0.0000,0.0000,0.0000,0.0000,0.0000,0.0000,0.0000,0.0000,0.0000,0.0000,0.0000,0.4359,0.5641
2025-04-21,0.0000,0.0000,0.0000,0.0000,0.0000,0.0000,0.0000,0.0000,0.0000,0.0000,0.0000,0.0000,0.0000,0.0000,0.0000,0.0000,0.0897,0.9103
2025-04-22,0.0000,0.0000,0.0000,0.0000,0.0000,0.0000,0.0000,0.0000,0.0000,0.0000,0.0000,0.0000,0.0000,0.0000,0.0000,0.0002,0.0764,0.9233
2025-04-23,0.0000,0.0000,0.0000,0.0000,0.0000,0.0000,0.0000,0.0000,0.0000,0.0000,0.0000,0.0000,0.0000,0.0000,0.0000,0.0000,0.0365,0.9635
2025-04-24,0.0000,0.0000,0.0000,0.0000,0.0000,0.0000,0.0000,0.0000,0.0000,0.0000,0.0000,0.0000,0.0004,0.0000,0.0000,0.0131,0.1770,0.8095
2025-04-25,0.0000,0.0000,0.0000,0.0000,0.0000,0.0000,0.0000,0.0000,0.0000,0.0000,0.0000,0.0000,0.0508,0.0000,0.0000,0.0561,0.2982,0.5949
2025-04-28,0.0000,0.0000,0.0000,0.0008,0.0626,0.0000,0.2510,0.0000,0.0006,0.0004,0.0000,0.0000,0.0000,0.0000,0.0000,0.0012,0.3710,0.3122
2025-04-29,0.0000,0.0000,0.0000,0.0000,0.0000,0.0000,0.0000,0.0000,0.0000,0.0206,0.0000,0.3472,0.0145,0.0000,0.0000,0.0206,0.4165,0.1805
2025-04-30,0.0000,0.0000,0.2588,0.0000,0.0000,0.0000,0.0000,0.0188,0.0000,0.0000,0.0184,0.0000,0.0000,0.0044,0.0055,0.0000,0.5621,0.1321
2025-05-01,0.0000,0.0000,0.0000,0.0000,0.0000,0.0000,0.0000,0.0000,0.0000,0.0000,0.0000,0.0000,0.0000,0.0000,0.0000,0.1232,0.6723,0.2045
2025-05-02,0.0000,0.0000,0.0000,0.0000,0.0000,0.0000,0.0000,0.0000,0.0000,0.0000,0.0000,0.0000,0.0815,0.0000,0.0000,0.2172,0.5744,0.1269
2025-05-05,0.0000,0.0000,0.0411,0.0000,0.0000,0.0002,0.0000,0.2083,0.0000,0.0000,0.0001,0.0000,0.0000,0.0006,0.0000,0.0000,0.6658,0.0839
2025-05-06,0.0000,0.0000,0.0000,0.0000,0.0000,0.0000,0.0000,0.0000,0.0000,0.0000,0.0000,0.0000,0.0000,0.0561,0.1123,0.0000,0.7563,0.0753
2025-05-07,0.0000,0.2148,0.0000,0.0000,0.0001,0.0008,0.0000,0.0000,0.0044,0.0000,0.0000,0.0000,0.0000,0.0000,0.0000,0.0002,0.7373,0.0423
2025-05-08,0.0000,0.0000,0.0000,0.0000,0.0000,0.0000,0.0000,0.0000,0.0000,0.0000,0.0000,0.0000,0.0154,0.0000,0.0000,0.2891,0.6576,0.0380
2025-05-09,0.0000,0.0000,0.0124,0.0000,0.0000,0.0013,0.0000,0.0611,0.0000,0.0000,0.0000,0.0000,0.0000,0.0001,0.0000,0.0000,0.8873,0.0378
2025-05-12,0.0000,0.0000,0.0000,0.0000,0.0000,0.0000,0.0000,0.0000,0.0000,0.0000,0.0000,0.0000,0.0000,0.0000,0.0000,0.0000,0.7300,0.2700
2025-05-13,0.0000,0.0000,0.0000,0.0000,0.0000,0.0000,0.0000,0.0000,0.0000,0.0000,0.0000,0.0000,0.0000,0.0000,0.0000,0.2511,0.5736,0.1753
2025-05-14,0.0000,0.0690,0.0000,0.0000,0.0718,0.0000,0.0005,0.0000,0.0001,0.0000,0.0000,0.0000,0.0000,0.0000,0.0000,0.0004,0.7405,0.1177
2025-05-15,0.0000,0.0000,0.0000,0.0000,0.1057,0.0000,0.1261,0.0000,0.0015,0.0000,0.0000,0.0000,0.0000,0.0000,0.0000,0.0016,0.7019,0.0631
2025-05-16,0.0000,0.0000,0.0000,0.0000,0.0000,0.0000,0.0000,0.0000,0.0000,0.0010,0.0000,0.2469,0.0479,0.0000,0.0000,0.0520,0.6132,0.0391
2025-05-19,0.0000,0.0001,0.0000,0.0000,0.0760,0.0000,0.0092,0.0000,0.5726,0.0000,0.0000,0.0000,0.0000,0.0000,0.0000,0.0003,0.3275,0.0142
2025-05-20,0.0348,0.0000,0.0000,0.0000,0.0000,0.5820,0.0000,0.0525,0.0007,0.0000,0.0000,0.0000,0.0000,0.0000,0.0006,0.0000,0.3186,0.0109
2025-05-21,0.0000,0.0000,0.0000,0.0000,0.0000,0.0000,0.0000,0.0000,0.0000,0.0000,0.0000,0.0000,0.0000,0.0335,0.4724,0.0000,0.4731,0.0210
2025-05-22,0.0000,0.0000,0.0000,0.0000,0.0000,0.0000,0.0000,0.0000,0.0000,0.0000,0.5080,0.0000,0.0000,0.0704,0.0273,0.0000,0.3831,0.0111
2025-05-23,0.0000,0.0000,0.0000,0.0000,0.0000,0.0000,0.0000,0.0000,0.0000,0.0000,0.0000,0.0000,0.0000,0.3518,0.2805,0.0000,0.3540,0.0137
2025-05-27,0.0000,0.0000,0.0000,0.0000,0.0000,0.0000,0.0000,0.0000,0.0000,0.0000,0.0000,0.0000,0.0000,0.0000,0.0000,0.1725,0.7731,0.0544
2025-05-28,0.0000,0.0000,0.0000,0.0000,0.2842,0.0000,0.2034,0.0000,0.0000,0.0000,0.0000,0.0000,0.0000,0.0000,0.0000,0.0010,0.4885,0.0229
2025-05-29,0.3562,0.1667,0.0000,0.0000,0.0000,0.1044,0.0000,0.0000,0.0525,0.0000,0.0000,0.0000,0.0000,0.0000,0.0001,0.0001,0.3084,0.0116
2025-05-30,0.0000,0.0000,0.0138,0.0000,0.0000,0.0035,0.0000,0.7945,0.0000,0.0000,0.0003,0.0000,0.0000,0.0042,0.0013,0.0000,0.1768,0.0057
2025-06-02,0.0000,0.0000,0.0000,0.0891,0.0112,0.0000,0.7440,0.0000,0.0000,0.0308,0.0000,0.0000,0.0000,0.0000,0.0000,0.0007,0.1207,0.0034
2025-06-03,0.0000,0.0000,0.0000,0.0000,0.0000,0.0000,0.0000,0.0000,0.0000,0.0000,0.0000,0.0015,0.4474,0.0000,0.0000,0.1581,0.3650,0.0280
2025-06-04,0.0000,0.0000,0.0000,0.0634,0.0166,0.0000,0.5405,0.0000,0.0001,0.0328,0.0000,0.0001,0.0001,0.0000,0.0000,0.0040,0.3258,0.0164
2025-06-05,0.0000,0.0000,0.2148,0.0000,0.0000,0.0004,0.0000,0.4088,0.0000,0.0000,0.0049,0.0000,0.0000,0.0050,0.0020,0.0000,0.3469,0.0172
2025-06-06,0.0000,0.0000,0.0000,0.0000,0.0000,0.0000,0.0000,0.0000,0.0000,0.0039,0.0000,0.3265,0.2615,0.0000,0.0000,0.0324,0.3610,0.0148
2025-06-09,0.0000,0.0000,0.0000,0.0000,0.2736,0.0000,0.0398,0.0000,0.5110,0.0000,0.0000,0.0000,0.0000,0.0000,0.0000,0.0004,0.1698,0.0055
2025-06-10,0.0000,0.0000,0.0000,0.0996,0.0247,0.0000,0.7681,0.0000,0.0005,0.0037,0.0000,0.0001,0.0000,0.0000,0.0000,0.0008,0.0995,0.0030
2025-06-11,0.0000,0.0002,0.0000,0.0000,0.1244,0.0000,0.0055,0.0000,0.8421,0.0000,0.0000,0.0000,0.0000,0.0000,0.0000,0.0000,0.0259,0.0019
2025-06-12,0.3155,0.2885,0.0000,0.0000,0.0002,0.0132,0.0000,0.0000,0.3700,0.0000,0.0000,0.0000,0.0000,0.0000,0.0001,0.0000,0.0118,0.0006
2025-06-13,0.0000,0.0000,0.0000,0.0000,0.0000,0.0000,0.0000,0.0000,0.0000,0.0000,0.0100,0.0000,0.0000,0.8515,0.1204,0.0000,0.0174,0.0008
2025-06-16,0.0000,0.0000,0.0000,0.0000,0.0000,0.0000,0.0000,0.0000,0.0000,0.0021,0.0000,0.1722,0.0630,0.0000,0.0000,0.1782,0.5618,0.0226
2025-06-17,0.0000,0.0000,0.0000,0.0000,0.0000,0.0000,0.0000,0.0000,0.0000,0.0000,0.0854,0.0000,0.0000,0.0474,0.0161,0.0000,0.8201,0.0310
2025-06-18,0.0465,0.0000,0.0000,0.0000,0.0000,0.2816,0.0000,0.0007,0.0000,0.0000,0.0000,0.0000,0.0000,0.0000,0.0001,0.0000,0.6507,0.0202
2025-06-20,0.0000,0.0000,0.0000,0.0000,0.0000,0.0000,0.0000,0.0000,0.0000,0.0000,0.2682,0.0000,0.0000,0.0427,0.0265,0.0000,0.6420,0.0206
2025-06-23,0.0000,0.0000,0.0000,0.0245,0.0585,0.0000,0.2502,0.0000,0.0000,0.0006,0.0000,0.0000,0.0000,0.0000,0.0000,0.0030,0.6450,0.0181
2025-06-24,0.0000,0.0000,0.0000,0.0000,0.0000,0.0000,0.0000,0.0000,0.0000,0.0000,0.0000,0.0000,0.0000,0.0000,0.0000,0.2535,0.7065,0.0400
2025-06-25,0.0000,0.0000,0.0000,0.0000,0.4126,0.0000,0.1885,0.0000,0.0000,0.0000,0.0000,0.0000,0.0000,0.0000,0.0000,0.0007,0.3828,0.0153
2025-06-26,0.0000,0.0000,0.0000,0.0000,0.0000,0.0000,0.0000,0.0000,0.0000,0.1256,0.0000,0.5897,0.0298,0.0000,0.0000,0.0149,0.2314,0.0086
2025-06-27,0.0000,0.0000,0.0000,0.0000,0.0000,0.0000,0.0000,0.0000,0.0000,0.1275,0.0000,0.6661,0.0327,0.0000,0.0000,0.0142,0.1544,0.0051
2025-06-30,0.0000,0.0000,0.0000,0.0023,0.0000,0.0000,0.0000,0.0000,0.0000,0.6113,0.0000,0.2835,0.0075,0.0000,0.0000,0.0061,0.0867,0.0026
2025-07-01,0.0000,0.2966,0.0000,0.0000,0.0148,0.0001,0.0001,0.0000,0.6550,0.0000,0.0000,0.0000,0.0000,0.0000,0.0000,0.0001,0.0323,0.0009
2025-07-02,0.0000,0.0000,0.0000,0.0354,0.1200,0.0000,0.8175,0.0000,0.0025,0.0027,0.0000,0.0000,0.0000,0.0000,0.0000,0.0003,0.0210,0.0005
2025-07-03,0.0000,0.0000,0.0000,0.0000,0.0000,0.0000,0.0000,0.0000,0.0000,0.0000,0.0000,0.0005,0.7777,0.0000,0.0000,0.1084,0.0863,0.0271
2025-07-07,0.0000,0.0000,0.0000,0.0000,0.0000,0.0000,0.0000,0.0000,0.0000,0.0000,0.0746,0.0000,0.0000,0.6388,0.0001,0.0000,0.2389,0.0475
2025-07-08,0.2329,0.0512,0.0000,0.0000,0.0000,0.1229,0.0000,0.0001,0.0067,0.0000,0.0000,0.0000,0.0000,0.0000,0.0001,0.0002,0.5436,0.0422
2025-07-09,0.0000,0.0000,0.0000,0.3971,0.0000,0.0000,0.1003,0.0000,0.0000,0.0650,0.0000,0.0014,0.0002,0.0000,0.0000,0.0040,0.4107,0.0211
2025-07-10,0.0000,0.0000,0.0000,0.3632,0.0000,0.0000,0.0554,0.0000,0.0000,0.3350,0.0000,0.0033,0.0002,0.0000,0.0000,0.0052,0.2287,0.0091
2025-07-11,0.0000,0.0000,0.0009,0.0000,0.0000,0.0113,0.0000,0.8444,0.0000,0.0000,0.0005,0.0000,0.0000,0.0021,0.0001,0.0000,0.1360,0.0047
2025-07-14,0.0798,0.8454,0.0000,0.0000,0.0004,0.0096,0.0000,0.0000,0.0067,0.0000,0.0000,0.0000,0.0000,0.0000,0.0002,0.0000,0.0563,0.0017
2025-07-15,0.0001,0.8265,0.0000,0.0000,0.0106,0.0004,0.0000,0.0000,0.1458,0.0000,0.0000,0.0000,0.0000,0.0000,0.0000,0.0000,0.0160,0.0004
2025-07-16,0.0000,0.0000,0.9655,0.0000,0.0000,0.0000,0.0000,0.0106,0.0000,0.0000,0.0160,0.0000,0.0000,0.0001,0.0034,0.0000,0.0043,0.0001
2025-07-17,0.0000,0.0000,0.0000,0.0000,0.0000,0.0000,0.0000,0.0000,0.0000,0.0000,0.0000,0.1797,0.8159,0.0000,0.0000,0.0004,0.0040,0.0001
2025-07-18,0.0000,0.0000,0.0000,0.0000,0.5502,0.0000,0.0172,0.0000,0.4307,0.0000,0.0000,0.0000,0.0000,0.0000,0.0000,0.0004,0.0014,0.0000
2025-07-21,0.0000,0.0000,0.0000,0.6150,0.0002,0.0000,0.3144,0.0000,0.0000,0.0664,0.0000,0.0021,0.0002,0.0000,0.0000,0.0010,0.0007,0.0001
2025-07-22,0.0000,0.0000,0.0411,0.0000,0.0000,0.0094,0.0000,0.9173,0.0000,0.0000,0.0065,0.0000,0.0000,0.0191,0.0014,0.0000,0.0015,0.0036
2025-07-23,0.0000,0.0000,0.0000,0.0000,0.0000,0.0000,0.0000,0.0000,0.0000,0.5745,0.0000,0.2147,0.1886,0.0000,0.0000,0.0028,0.0155,0.0039
2025-07-24,0.0000,0.0000,0.0000,0.0052,0.0000,0.0000,0.0001,0.0000,0.0000,0.9035,0.0000,0.0663,0.0108,0.0000,0.0000,0.0070,0.0061,0.0009
2025-07-25,0.0000,0.0000,0.0000,0.0001,0.3905,0.0000,0.5914,0.0000,0.0142,0.0001,0.0000,0.0000,0.0000,0.0000,0.0000,0.0009,0.0027,0.0002
2025-07-28,0.0000,0.1869,0.0000,0.0000,0.0101,0.0002,0.0001,0.0000,0.8006,0.0000,0.0000,0.0000,0.0000,0.0000,0.0000,0.0000,0.0009,0.0011
2025-07-29,0.0084,0.0000,0.0000,0.0000,0.0000,0.8684,0.0000,0.1205,0.0003,0.0000,0.0000,0.0000,0.0000,0.0000,0.0010,0.0000,0.0009,0.0005
2025-07-30,0.0000,0.0000,0.0000,0.0000,0.0000,0.1981,0.0000,0.7965,0.0000,0.0000,0.0001,0.0000,0.0000,0.0001,0.0042,0.0000,0.0009,0.0002
2025-07-31,0.0014,0.7247,0.0000,0.0000,0.0064,0.0016,0.0000,0.0000,0.2645,0.0000,0.0000,0.0000,0.0000,0.0000,0.0002,0.0000,0.0012,0.0000
2025-08-01,0.0000,0.0000,0.0000,0.0000,0.0000,0.0000,0.0000,0.0000,0.0000,0.0000,0.0000,0.0000,0.0000,0.0000,0.3497,0.0000,0.5520,0.0983
2025-08-04,0.0000,0.0000,0.0000,0.0000,0.0000,0.0000,0.0000,0.0000,0.0000,0.0000,0.0000,0.0000,0.0122,0.0000,0.0000,0.2232,0.6863,0.0783
2025-08-05,0.0211,0.1350,0.0000,0.0000,0.0000,0.0143,0.0000,0.0000,0.0031,0.0000,0.0000,0.0000,0.0000,0.0000,0.0000,0.0001,0.7735,0.0528
2025-08-06,0.0000,0.0000,0.0000,0.0525,0.0001,0.0000,0.0724,0.0000,0.0000,0.0585,0.0000,0.0002,0.0001,0.0000,0.0000,0.0070,0.7733,0.0361
2025-08-07,0.0000,0.0000,0.0000,0.0000,0.2173,0.0000,0.0504,0.0000,0.0986,0.0000,0.0000,0.0000,0.0000,0.0000,0.0000,0.0010,0.6109,0.0218
2025-08-08,0.0000,0.0000,0.0000,0.0000,0.0000,0.0000,0.0000,0.0000,0.0000,0.0235,0.0000,0.5055,0.0313,0.0000,0.0000,0.0261,0.4005,0.0132
2025-08-11,0.0000,0.0027,0.0000,0.0000,0.0150,0.0000,0.0022,0.0000,0.8472,0.0000,0.0000,0.0000,0.0000,0.0000,0.0000,0.0001,0.1290,0.0036
2025-08-12,0.0000,0.0000,0.0000,0.0000,0.0000,0.0000,0.0000,0.0000,0.0000,0.0137,0.0000,0.9080,0.0024,0.0000,0.0000,0.0045,0.0695,0.0020
2025-08-13,0.0000,0.0000,0.0000,0.0000,0.0000,0.0000,0.0000,0.0000,0.0000,0.1604,0.0000,0.7907,0.0035,0.0000,0.0000,0.0043,0.0400,0.0011
2025-08-14,0.0181,0.6700,0.0000,0.0000,0.0000,0.0214,0.0000,0.0000,0.2785,0.0000,0.0000,0.0000,0.0000,0.0000,0.0001,0.0000,0.0115,0.0003
2025-08-15,0.7366,0.1668,0.0000,0.0000,0.0000,0.0630,0.0000,0.0000,0.0306,0.0000,0.0000,0.0000,0.0000,0.0000,0.0001,0.0000,0.0028,0.0001
2025-08-18,0.0000,0.0000,0.0000,0.0000,0.0000,0.5143,0.0000,0.4822,0.0000,0.0000,0.0000,0.0000,0.0000,0.0013,0.0004,0.0000,0.0018,0.0000
2025-08-19,0.0000,0.0000,0.0809,0.0000,0.0000,0.0000,0.0000,0.0708,0.0000,0.0000,0.7626,0.0000,0.0000,0.0048,0.0758,0.0000,0.0050,0.0001
2025-08-20,0.0000,0.0000,0.0000,0.0000,0.0000,0.0000,0.0000,0.0000,0.0000,0.0000,0.0239,0.0000,0.0000,0.7772,0.1703,0.0000,0.0284,0.0002
2025-08-21,0.0000,0.0000,0.0000,0.0000,0.0000,0.2905,0.0000,0.1583,0.0000,0.0000,0.0000,0.0000,0.0000,0.0008,0.0009,0.0001,0.5322,0.0174
2025-08-22,0.0000,0.0000,0.0000,0.0000,0.0000,0.0000,0.0000,0.0000,0.0000,0.0000,0.0000,0.0000,0.0002,0.0000,0.0000,0.2989,0.6693,0.0316
2025-08-25,0.0004,0.1669,0.0000,0.0000,0.0000,0.0187,0.0000,0.0000,0.0001,0.0000,0.0000,0.0000,0.0000,0.0000,0.0000,0.0001,0.7858,0.0279
2025-08-26,0.3144,0.0008,0.0000,0.0000,0.0000,0.1794,0.0000,0.0000,0.0008,0.0000,0.0000,0.0000,0.0000,0.0000,0.0001,0.0000,0.4898,0.0146
2025-08-27,0.0000,0.0000,0.0000,0.4092,0.0000,0.0000,0.0212,0.0000,0.0000,0.1642,0.0000,0.0099,0.0006,0.0000,0.0000,0.0051,0.3792,0.0105
2025-08-28,0.0000,0.0000,0.0000,0.0012,0.1277,0.0000,0.6614,0.0000,0.0050,0.0004,0.0000,0.0000,0.0000,0.0000,0.0000,0.0013,0.1978,0.0052
2025-08-29,0.0000,0.0000,0.3959,0.0000,0.0000,0.0000,0.0000,0.0005,0.0000,0.0000,0.2695,0.0000,0.0000,0.0570,0.0127,0.0000,0.2519,0.0125
2025-09-02,0.0000,0.0000,0.0000,0.0000,0.0000,0.0000,0.0000,0.0000,0.0000,0.0000,0.0000,0.0000,0.0000,0.2471,0.3105,0.0000,0.4183,0.0241
2025-09-03,0.0000,0.0000,0.0000,0.0000,0.0000,0.0000,0.0000,0.0000,0.0000,0.0364,0.0000,0.3800,0.0157,0.0000,0.0000,0.0340,0.5155,0.0184
2025-09-04,0.0000,0.0000,0.0000,0.0000,0.0000,0.0000,0.0000,0.0000,0.0000,0.0014,0.0000,0.3766,0.0949,0.0000,0.0000,0.0475,0.4641,0.0155
2025-09-05,0.0000,0.0846,0.0000,0.0000,0.0069,0.0001,0.0002,0.0000,0.7357,0.0000,0.0000,0.0000,0.0000,0.0000,0.0000,0.0001,0.1676,0.0048
2025-09-08,0.0000,0.0000,0.0000,0.0000,0.7052,0.0000,0.1100,0.0000,0.1248,0.0000,0.0000,0.0000,0.0000,0.0000,0.0000,0.0001,0.0583,0.0015
2025-09-09,0.0000,0.0000,0.0000,0.0000,0.3887,0.0000,0.1024,0.0000,0.4558,0.0000,0.0000,0.0000,0.0000,0.0000,0.0000,0.0004,0.0509,0.0019
2025-09-10,0.0000,0.0000,0.0000,0.0072,0.0000,0.0000,0.0000,0.0000,0.0000,0.5282,0.0000,0.4180,0.0086,0.0000,0.0000,0.0039,0.0327,0.0014
2025-09-11,0.0000,0.0000,0.0000,0.0000,0.0000,0.0000,0.0000,0.0000,0.0000,0.0635,0.0000,0.6340,0.2408,0.0000,0.0000,0.0313,0.0292,0.0011
2025-09-12,0.0000,0.0000,0.0000,0.0001,0.3051,0.0000,0.4998,0.0000,0.1805,0.0000,0.0000,0.0000,0.0000,0.0000,0.0000,0.0003,0.0137,0.0004
2025-09-15,0.0000,0.0000,0.0000,0.7330,0.0001,0.0000,0.2256,0.0000,0.0000,0.0329,0.0000,0.0014,0.0001,0.0000,0.0000,0.0005,0.0051,0.0012
2025-09-16,0.2103,0.6303,0.0000,0.0000,0.0001,0.0355,0.0000,0.0000,0.1213,0.0000,0.0000,0.0000,0.0000,0.0000,0.0000,0.0000,0.0018,0.0007
2025-09-17,0.0000,0.0000,0.0000,0.0000,0.0000,0.3898,0.0000,0.6055,0.0000,0.0000,0.0000,0.0000,0.0000,0.0009,0.0019,0.0000,0.0016,0.0003
2025-09-18,0.0000,0.0000,0.0000,0.0000,0.0000,0.0000,0.0000,0.0000,0.0000,0.6190,0.0000,0.3544,0.0247,0.0000,0.0000,0.0001,0.0016,0.0001
2025-09-19,0.1431,0.6848,0.0000,0.0000,0.0001,0.0224,0.0000,0.0000,0.1490,0.0000,0.0000,0.0000,0.0000,0.0000,0.0000,0.0000,0.0006,0.0000
2025-09-22,0.0000,0.0000,0.0000,0.0698,0.0000,0.0000,0.0037,0.0000,0.0000,0.9086,0.0000,0.0140,0.0020,0.0000,0.0000,0.0016,0.0003,0.0000
2025-09-23,0.0000,0.0000,0.0000,0.0000,0.0000,0.2828,0.0000,0.7168,0.0000,0.0000,0.0000,0.0000,0.0000,0.0001,0.0000,0.0000,0.0002,0.0000
2025-09-24,0.0000,0.0000,0.0145,0.0000,0.0000,0.0000,0.0000,0.0019,0.0000,0.0000,0.9250,0.0000,0.0000,0.0055,0.0529,0.0000,0.0002,0.0000
2025-09-25,0.0000,0.0000,0.0000,0.0000,0.0000,0.0000,0.0000,0.0000,0.0000,0.0000,0.0103,0.0000,0.0000,0.8037,0.1691,0.0000,0.0168,0.0001
2025-09-26,0.0000,0.0000,0.0000,0.1657,0.0000,0.0000,0.0000,0.0000,0.0000,0.5805,0.0000,0.0251,0.0008,0.0000,0.0000,0.0146,0.2062,0.0071
2025-09-29,0.0000,0.0000,0.0000,0.0404,0.0000,0.0000,0.0051,0.0000,0.0000,0.8270,0.0000,0.0070,0.0041,0.0000,0.0000,0.0074,0.1059,0.0032
2025-09-30,0.0000,0.0000,0.0000,0.0000,0.6045,0.0000,0.0255,0.0000,0.3046,0.0000,0.0000,0.0000,0.0000,0.0000,0.0000,0.0005,0.0631,0.0017
2025-10-01,0.0000,0.0000,0.0000,0.6186,0.0000,0.0000,0.0501,0.0000,0.0000,0.2769,0.0000,0.0160,0.0009,0.0000,0.0000,0.0021,0.0343,0.0010
2025-10-02,0.0000,0.0000,0.0000,0.0534,0.0101,0.0000,0.9083,0.0000,0.0001,0.0122,0.0000,0.0000,0.0000,0.0000,0.0000,0.0016,0.0137,0.0005
2025-10-03,0.0000,0.0000,0.0000,0.0016,0.2398,0.0000,0.7126,0.0000,0.0391,0.0000,0.0000,0.0000,0.0000,0.0000,0.0000,0.0001,0.0049,0.0020
2025-10-06,0.0000,0.0000,0.0000,0.0000,0.2001,0.0000,0.0152,0.0000,0.7814,0.0000,0.0000,0.0000,0.0000,0.0000,0.0000,0.0000,0.0016,0.0016
2025-10-07,0.0000,0.0000,0.0002,0.0000,0.0000,0.0056,0.0000,0.9909,0.0000,0.0000,0.0005,0.0000,0.0000,0.0005,0.0014,0.0000,0.0006,0.0003
2025-10-08,0.0000,0.0000,0.0000,0.3747,0.0000,0.0000,0.1071,0.0000,0.0000,0.5169,0.0000,0.0000,0.0004,0.0000,0.0000,0.0000,0.0007,0.0001
2025-10-09,0.0000,0.0000,0.0000,0.0000,0.0000,0.5498,0.0000,0.4487,0.0000,0.0000,0.0000,0.0000,0.0000,0.0005,0.0001,0.0000,0.0005,0.0005
2025-10-10,0.0000,0.0000,0.0000,0.0000,0.0000,0.0000,0.0000,0.0000,0.0000,0.0000,0.0000,0.0000,0.0000,0.0000,0.9944,0.0000,0.0030,0.0025
2025-10-13,0.0000,0.0035,0.0000,0.0000,0.0013,0.0000,0.0062,0.0000,0.0000,0.0000,0.0000,0.0000,0.0000,0.0000,0.0003,0.0000,0.9851,0.0036
2025-10-14,0.0000,0.0000,0.0000,0.0000,0.0000,0.0118,0.0000,0.0045,0.0000,0.0000,0.0000,0.0000,0.0000,0.0000,0.0000,0.0000,0.9697,0.0139
2025-10-15,0.0000,0.0000,0.0000,0.0000,0.0000,0.0000,0.0000,0.0000,0.0000,0.0012,0.0000,0.0383,0.0032,0.0000,0.0000,0.0582,0.8805,0.0185
2025-10-16,0.0000,0.0000,0.1380,0.0000,0.0000,0.0000,0.0000,0.0001,0.0000,0.0000,0.0057,0.0000,0.0000,0.0008,0.0007,0.0000,0.8342,0.0205
2025-10-17,0.0058,0.0000,0.0000,0.0000,0.0000,0.0359,0.0000,0.0049,0.0001,0.0000,0.0000,0.0000,0.0000,0.0001,0.0000,0.0000,0.9302,0.0229
2025-10-20,0.0000,0.0000,0.0000,0.0000,0.0000,0.0000,0.0000,0.0000,0.0000,0.0000,0.0000,0.0000,0.0000,0.0000,0.0000,0.3009,0.6719,0.0272
2025-10-21,0.0000,0.0000,0.0000,0.0000,0.4306,0.0000,0.2263,0.0000,0.0000,0.0000,0.0000,0.0000,0.0000,0.0000,0.0000,0.0007,0.3318,0.0106
2025-10-22,0.0000,0.0000,0.0000,0.0000,0.0000,0.0000,0.0000,0.0000,0.0000,0.0000,0.0609,0.0000,0.0000,0.4049,0.0514,0.0000,0.4651,0.0177
2025-10-23,0.0000,0.0000,0.0000,0.3765,0.0000,0.0000,0.0002,0.0000,0.0000,0.2395,0.0000,0.0070,0.0002,0.0000,0.0000,0.0101,0.3547,0.0119
2025-10-24,0.0000,0.0000,0.0000,0.0000,0.0000,0.0000,0.0000,0.0000,0.0000,0.0000,0.0000,0.0000,0.4178,0.0000,0.0000,0.2306,0.3393,0.0124
2025-10-27,0.0000,0.0000,0.0000,0.0000,0.0000,0.0000,0.0000,0.0000,0.0000,0.0000,0.0000,0.0000,0.3638,0.0000,0.0000,0.2806,0.3416,0.0140
2025-10-28,0.0000,0.0000,0.0000,0.0145,0.0000,0.0000,0.0005,0.0000,0.0000,0.8195,0.0000,0.0291,0.0054,0.0000,0.0000,0.0052,0.1218,0.0041
2025-10-29,0.0002,0.6903,0.0000,0.0000,0.0091,0.0002,0.0000,0.0000,0.2505,0.0000,0.0000,0.0000,0.0000,0.0000,0.0000,0.0001,0.0481,0.0014
2025-10-30,0.0000,0.0000,0.0000,0.0000,0.0000,0.0000,0.0000,0.0000,0.0000,0.0000,0.3696,0.0000,0.0000,0.0314,0.3842,0.0000,0.2080,0.0067
2025-10-31,0.2314,0.0002,0.0000,0.0000,0.0000,0.5996,0.0000,0.0011,0.0000,0.0000,0.0000,0.0000,0.0000,0.0000,0.0005,0.0000,0.1642,0.0028
2025-11-03,0.0000,0.0013,0.0000,0.0000,0.0123,0.0004,0.0000,0.0000,0.9298,0.0000,0.0000,0.0000,0.0000,0.0000,0.0000,0.0000,0.0550,0.0011
2025-11-04,0.0000,0.0000,0.0000,0.0000,0.0000,0.0000,0.0000,0.0000,0.0000,0.0000,0.0000,0.0000,0.0000,0.0202,0.7653,0.0000,0.2076,0.0069
2025-11-05,0.0000,0.0000,0.0000,0.0000,0.0731,0.0000,0.0925,0.0000,0.0024,0.0000,0.0000,0.0000,0.0000,0.0000,0.0001,0.0006,0.8213,0.0100
2025-11-06,0.0000,0.0000,0.0000,0.0000,0.0000,0.0000,0.0000,0.0000,0.0000,0.0000,0.0000,0.0000,0.0000,0.0686,0.0272,0.0000,0.8808,0.0233
2025-11-07,0.0000,0.0000,0.0000,0.0000,0.0000,0.0000,0.0000,0.0000,0.0000,0.0000,0.0000,0.0000,0.0000,0.0391,0.0122,0.0000,0.9155,0.0331
2025-11-10,0.0000,0.0000,0.0000,0.0000,0.0000,0.0000,0.0000,0.0000,0.0000,0.0000,0.0000,0.0000,0.0000,0.0000,0.0000,0.0493,0.8672,0.0835
2025-11-11,0.0000,0.0000,0.0000,0.0273,0.0000,0.0000,0.0136,0.0000,0.0000,0.0548,0.0000,0.0002,0.0004,0.0000,0.0000,0.0098,0.8425,0.0514
2025-11-12,0.0000,0.0000,0.0000,0.0000,0.1214,0.0000,0.0972,0.0000,0.0090,0.0000,0.0000,0.0000,0.0000,0.0000,0.0000,0.0017,0.7394,0.0313
2025-11-13,0.0000,0.0000,0.0000,0.0000,0.0000,0.0000,0.0000,0.0000,0.0000,0.0000,0.0000,0.0000,0.0000,0.0004,0.0484,0.0000,0.8905,0.0607
2025-11-14,0.0000,0.0000,0.0000,0.0000,0.0000,0.0000,0.0000,0.0000,0.0000,0.0000,0.1011,0.0000,0.0000,0.0091,0.0040,0.0000,0.8423,0.0436
2025-11-17,0.0000,0.0000,0.0000,0.0000,0.0000,0.0000,0.0000,0.0000,0.0000,0.0000,0.0075,0.0000,0.0000,0.0740,0.0147,0.0000,0.8657,0.0381
2025-11-18,0.0000,0.0000,0.0000,0.0000,0.0000,0.0000,0.0000,0.0000,0.0000,0.0000,0.0000,0.0000,0.0000,0.0161,0.0142,0.0000,0.9208,0.0490
2025-11-19,0.0000,0.0000,0.0000,0.0000,0.0312,0.0000,0.0026,0.0000,0.0005,0.0000,0.0000,0.0000,0.0000,0.0000,0.0000,0.0018,0.9285,0.0354
2025-11-20,0.0000,0.0000,0.0012,0.0000,0.0000,0.0001,0.0000,0.0485,0.0000,0.0000,0.0000,0.0000,0.0000,0.0004,0.0002,0.0000,0.9195,0.0300
2025-11-21,0.0000,0.0000,0.0000,0.0000,0.0000,0.0000,0.0000,0.0000,0.0000,0.0000,0.0718,0.0000,0.0000,0.0019,0.0064,0.0000,0.8906,0.0293
2025-11-24,0.0000,0.0000,0.0000,0.0000,0.0000,0.0000,0.0000,0.0000,0.0000,0.0000,0.0000,0.0000,0.0000,0.0000,0.0000,0.1922,0.7601,0.0477
2025-11-25,0.0000,0.0000,0.0000,0.0000,0.0000,0.0000,0.0000,0.0000,0.0000,0.1208,0.0000,0.0153,0.0871,0.0000,0.0000,0.0338,0.7101,0.0329
2025-11-26,0.0000,0.0000,0.0000,0.0000,0.0000,0.0000,0.0000,0.0000,0.0000,0.0000,0.0000,0.0000,0.0003,0.0000,0.0000,0.3484,0.6149,0.0363
2025-11-28,0.0000,0.0000,0.0000,0.0907,0.0008,0.0000,0.4515,0.0000,0.0000,0.0462,0.0000,0.0000,0.0004,0.0000,0.0000,0.0029,0.3911,0.0164
2025-12-01,0.0000,0.0000,0.0134,0.0000,0.0000,0.0067,0.0000,0.5962,0.0000,0.0000,0.0007,0.0000,0.0000,0.0022,0.0009,0.0000,0.3647,0.0151
2025-12-02,0.0000,0.0000,0.0000,0.0000,0.5662,0.0000,0.1739,0.0000,0.0043,0.0000,0.0000,0.0000,0.0000,0.0000,0.0000,0.0005,0.2470,0.0080
2025-12-03,0.0000,0.0000,0.0000,0.0016,0.0683,0.0000,0.7754,0.0000,0.0102,0.0001,0.0000,0.0000,0.0000,0.0000,0.0000,0.0007,0.1392,0.0045
2025-12-04,0.0904,0.4790,0.0000,0.0000,0.0002,0.0207,0.0000,0.0000,0.3544,0.0000,0.0000,0.0000,0.0000,0.0000,0.0000,0.0000,0.0521,0.0032
2025-12-05,0.0000,0.0000,0.0000,0.5141,0.0001,0.0000,0.1879,0.0000,0.0000,0.2507,0.0000,0.0026,0.0003,0.0000,0.0000,0.0014,0.0411,0.0018
2025-12-08,0.0000,0.0000,0.5783,0.0000,0.0000,0.0000,0.0000,0.0148,0.0000,0.0000,0.3032,0.0000,0.0000,0.0577,0.0015,0.0000,0.0419,0.0027
2025-12-09,0.0010,0.7211,0.0000,0.0000,0.0101,0.0018,0.0000,0.0000,0.2346,0.0000,0.0000,0.0000,0.0000,0.0000,0.0001,0.0000,0.0299,0.0013
2025-12-10,0.0000,0.0000,0.0000,0.0019,0.2955,0.0000,0.6797,0.0000,0.0052,0.0008,0.0000,0.0000,0.0000,0.0000,0.0000,0.0004,0.0159,0.0005
2025-12-11,0.0000,0.0000,0.0000,0.0040,0.1223,0.0000,0.8512,0.0000,0.0148,0.0001,0.0000,0.0000,0.0000,0.0000,0.0000,0.0002,0.0058,0.0016
2025-12-12,0.0000,0.0000,0.0000,0.0000,0.0000,0.0000,0.0000,0.0000,0.0000,0.0000,0.0390,0.0000,0.0000,0.7810,0.1432,0.0000,0.0169,0.0199
2025-12-15,0.0000,0.0000,0.0001,0.0000,0.0000,0.0372,0.0000,0.6282,0.0000,0.0000,0.0000,0.0000,0.0000,0.0021,0.0011,0.0000,0.3113,0.0200
2025-12-16,0.0000,0.0000,0.0104,0.0000,0.0000,0.0000,0.0000,0.0009,0.0000,0.0000,0.6617,0.0000,0.0000,0.0050,0.0366,0.0000,0.2722,0.0132
2025-12-17,0.0000,0.0000,0.0000,0.0000,0.0000,0.0000,0.0000,0.0000,0.0000,0.0000,0.0005,0.0000,0.0000,0.6343,0.1559,0.0000,0.2005,0.0088
2025-12-18,0.0000,0.0000,0.0000,0.0000,0.0000,0.0000,0.0000,0.0000,0.0000,0.0548,0.0000,0.2735,0.0195,0.0000,0.0000,0.0759,0.5562,0.0201
2025-12-19,0.0000,0.0000,0.0000,0.2756,0.0001,0.0000,0.3614,0.0000,0.0000,0.0396,0.0000,0.0004,0.0001,0.0000,0.0000,0.0028,0.3105,0.0095
2025-12-22,0.0000,0.0000,0.0000,0.0000,0.0000,0.0000,0.0000,0.0000,0.0000,0.0079,0.0000,0.5195,0.0562,0.0000,0.0000,0.0519,0.3512,0.0133
2025-12-23,0.0000,0.0000,0.0000,0.5460,0.0000,0.0000,0.1215,0.0000,0.0000,0.1547,0.0000,0.0036,0.0002,0.0000,0.0000,0.0024,0.1665,0.0052
2025-12-24,0.0000,0.0000,0.0000,0.2212,0.0000,0.0000,0.0135,0.0000,0.0000,0.6753,0.0000,0.0102,0.0006,0.0000,0.0000,0.0048,0.0719,0.0024
2025-12-26,0.0000,0.3983,0.0000,0.0000,0.0381,0.0001,0.0002,0.0000,0.5177,0.0000,0.0000,0.0000,0.0000,0.0000,0.0000,0.0002,0.0439,0.0013
2025-12-29,0.0000,0.0000,0.6718,0.0000,0.0000,0.0000,0.0000,0.0036,0.0000,0.0000,0.2880,0.0000,0.0000,0.0022,0.0096,0.0000,0.0241,0.0007
2025-12-30,0.7576,0.0553,0.0000,0.0000,0.0000,0.1469,0.0000,0.0001,0.0242,0.0000,0.0000,0.0000,0.0000,0.0000,0.0002,0.0000,0.0153,0.0004
2025-12-31,0.0000,0.0000,0.0002,0.0000,0.0000,0.0000,0.0000,0.0000,0.0000,0.0000,0.2589,0.0000,0.0000,0.7046,0.0187,0.0000,0.0172,0.0005
2026-01-02,0.0004,0.0000,0.0000,0.0000,0.0000,0.8049,0.0000,0.0389,0.0000,0.0000,0.0000,0.0000,0.0000,0.0003,0.0005,0.0000,0.1490,0.0060
2026-01-05,0.0000,0.0000,0.0000,0.0000,0.0000,0.0000,0.0000,0.0000,0.0000,0.0003,0.0000,0.6022,0.1400,0.0000,0.0000,0.0253,0.2240,0.0082
2026-01-06,0.0000,0.0000,0.0000,0.3383,0.0000,0.0000,0.0164,0.0000,0.0000,0.5027,0.0000,0.0241,0.0004,0.0000,0.0000,0.0031,0.1115,0.0035
2026-01-07,0.0000,0.0123,0.0000,0.0000,0.1995,0.0000,0.0038,0.0000,0.7024,0.0000,0.0000,0.0000,0.0000,0.0000,0.0000,0.0004,0.0794,0.0023
2026-01-08,0.0000,0.0000,0.1519,0.0000,0.0000,0.0000,0.0000,0.5943,0.0000,0.0000,0.1168,0.0000,0.0000,0.0105,0.0121,0.0000,0.1112,0.0032
2026-01-09,0.0000,0.0000,0.0000,0.0000,0.0000,0.0000,0.0000,0.0000,0.0000,0.0424,0.0000,0.5852,0.2191,0.0000,0.0000,0.0106,0.1389,0.0039
2026-01-12,0.0000,0.0001,0.0000,0.0000,0.0927,0.0000,0.0110,0.0000,0.8520,0.0000,0.0000,0.0000,0.0000,0.0000,0.0000,0.0001,0.0428,0.0011
2026-01-13,0.0000,0.0000,0.0000,0.0000,0.0000,0.1789,0.0000,0.7921,0.0000,0.0000,0.0000,0.0000,0.0000,0.0001,0.0012,0.0000,0.0270,0.0007
2026-01-14,0.0000,0.0000,0.0000,0.0000,0.0000,0.0000,0.0000,0.0000,0.0000,0.0000,0.0260,0.0000,0.0000,0.1070,0.7946,0.0000,0.0701,0.0023
2026-01-15,0.0000,0.0000,0.0000,0.0000,0.0000,0.0000,0.0000,0.0000,0.0000,0.0000,0.0000,0.3242,0.2017,0.0000,0.0000,0.0271,0.4426,0.0044
2026-01-16,0.0000,0.0000,0.0000,0.0000,0.0000,0.4248,0.0000,0.2152,0.0000,0.0000,0.0000,0.0000,0.0000,0.0002,0.0006,0.0000,0.3531,0.0062
2026-01-20,0.0000,0.0000,0.0000,0.0000,0.0000,0.0000,0.0000,0.0000,0.0000,0.0000,0.0000,0.0000,0.0000,0.0000,0.0168,0.0000,0.9004,0.0828
2026-01-21,0.0000,0.0000,0.0000,0.0000,0.0000,0.0000,0.0000,0.0000,0.0000,0.0005,0.0000,0.0430,0.0024,0.0000,0.0000,0.0478,0.8534,0.0529
2026-01-22,0.0000,0.0000,0.0000,0.0000,0.0000,0.0000,0.0000,0.0000,0.0000,0.0000,0.0000,0.0002,0.1623,0.0000,0.0000,0.1400,0.6630,0.0345
2026-01-23,0.1555,0.2133,0.0000,0.0000,0.0000,0.0162,0.0000,0.0000,0.0383,0.0000,0.0000,0.0000,0.0000,0.0000,0.0000,0.0001,0.5554,0.0210
2026-01-26,0.0000,0.0000,0.0000,0.0000,0.0000,0.0000,0.0000,0.0000,0.0000,0.2690,0.0000,0.1651,0.0190,0.0000,0.0000,0.0222,0.5079,0.0167
2026-01-27,0.0000,0.0000,0.0000,0.2495,0.0000,0.0000,0.0565,0.0000,0.0000,0.2922,0.0000,0.0032,0.0011,0.0000,0.0000,0.0070,0.3795,0.0111
2026-01-28,0.0310,0.7349,0.0000,0.0000,0.0002,0.0057,0.0000,0.0000,0.0896,0.0000,0.0000,0.0000,0.0000,0.0000,0.0000,0.0001,0.1349,0.0037
2026-01-29,0.0000,0.0000,0.0000,0.0000,0.0000,0.0000,0.0000,0.0000,0.0000,0.0000,0.0026,0.0000,0.0000,0.1798,0.3890,0.0000,0.4148,0.0138
2026-01-30,0.0000,0.2117,0.0000,0.0000,0.0174,0.0001,0.0000,0.0000,0.0526,0.0000,0.0000,0.0000,0.0000,0.0000,0.0001,0.0003,0.7017,0.0161
2026-02-02,0.0000,0.0000,0.0000,0.0000,0.0000,0.0000,0.0000,0.0000,0.0000,0.0948,0.0000,0.1505,0.0245,0.0000,0.0000,0.0380,0.6751,0.0171
2026-02-03,0.0000,0.0000,0.0000,0.0000,0.0000,0.0000,0.0000,0.0000,0.0000,0.0000,0.0000,0.0000,0.0000,0.0226,0.0544,0.0000,0.8904,0.0326
2026-02-04,0.0000,0.0000,0.1675,0.0000,0.0000,0.0000,0.0000,0.0016,0.0000,0.0000,0.0261,0.0000,0.0000,0.0030,0.0014,0.0000,0.7755,0.0250
2026-02-05,0.0000,0.0000,0.0000,0.0000,0.0000,0.0000,0.0000,0.0000,0.0000,0.0000,0.0000,0.0000,0.0000,0.0121,0.0253,0.0000,0.9178,0.0448
2026-02-06,0.0000,0.0000,0.0000,0.0000,0.0000,0.0000,0.0000,0.0000,0.0000,0.0000,0.0000,0.0000,0.0000,0.0000,0.0000,0.2813,0.6753,0.0434
2026-02-09,0.0000,0.0000,0.0000,0.0000,0.0000,0.0000,0.0000,0.0000,0.0000,0.0000,0.0000,0.0000,0.5768,0.0000,0.0000,0.0718,0.3335,0.0178
2026-02-10,0.6270,0.0011,0.0000,0.0000,0.0000,0.1938,0.0000,0.0010,0.0059,0.0000,0.0000,0.0000,0.0000,0.0000,0.0000,0.0000,0.1648,0.0064
2026-02-11,0.0000,0.0000,0.0000,0.0000,0.0000,0.5463,0.0000,0.3439,0.0000,0.0000,0.0000,0.0000,0.0000,0.0009,0.0004,0.0000,0.1050,0.0034
2026-02-12,0.0000,0.0000,0.0000,0.0000,0.0000,0.0000,0.0000,0.0000,0.0000,0.0000,0.0000,0.0000,0.0000,0.0019,0.8309,0.0000,0.1595,0.0076
2026-02-13,0.0000,0.0000,0.7250,0.0000,0.0000,0.0000,0.0000,0.0100,0.0000,0.0000,0.1113,0.0000,0.0000,0.0086,0.0067,0.0000,0.1364,0.0018
2026-02-17,0.0000,0.0000,0.0032,0.0000,0.0000,0.0107,0.0000,0.8903,0.0000,0.0000,0.0001,0.0000,0.0000,0.0038,0.0008,0.0000,0.0893,0.0017
2026-02-18,0.0000,0.0000,0.0000,0.0000,0.0000,0.0000,0.0000,0.0000,0.0000,0.0000,0.0000,0.0011,0.8292,0.0000,0.0000,0.0247,0.1413,0.0037
2026-02-19,0.0000,0.0000,0.0972,0.0000,0.0000,0.0000,0.0000,0.0012,0.0000,0.0000,0.3593,0.0000,0.0000,0.1606,0.0001,0.0000,0.3714,0.0104
2026-02-20,0.0000,0.0000,0.0000,0.0000,0.0000,0.0000,0.0000,0.0000,0.0000,0.0520,0.0000,0.5811,0.0230,0.0000,0.0000,0.0213,0.3131,0.0094
2026-02-23,0.0000,0.0000,0.0000,0.0000,0.0000,0.0000,0.0000,0.0000,0.0000,0.0000,0.0002,0.0000,0.0000,0.2141,0.1853,0.0000,0.5798,0.0207
2026-02-24,0.0000,0.0000,0.0000,0.0000,0.0000,0.0000,0.0000,0.0000,0.0000,0.0349,0.0000,0.2493,0.0104,0.0000,0.0000,0.0413,0.6445,0.0196
2026-02-25,0.0000,0.0000,0.0000,0.0000,0.0000,0.0000,0.0000,0.0000,0.0000,0.0000,0.0000,0.0001,0.2160,0.0000,0.0000,0.1634,0.6001,0.0204
2026-02-26,0.0000,0.0000,0.0000,0.0000,0.0000,0.0000,0.0000,0.0000,0.0000,0.0000,0.0069,0.0000,0.0000,0.1008,0.0000,0.0000,0.8618,0.0305
2026-02-27,0.0000,0.0000,0.0000,0.0000,0.0000,0.0000,0.0000,0.0000,0.0000,0.0000,0.0000,0.0000,0.0000,0.0325,0.0010,0.0000,0.9341,0.0324
2026-03-02,0.0000,0.0001,0.0000,0.0000,0.0279,0.0000,0.0000,0.0000,0.0082,0.0000,0.0000,0.0000,0.0000,0.0000,0.0000,0.0008,0.9357,0.0274
2026-03-03,0.0000,0.0000,0.0000,0.0000,0.0000,0.0000,0.0000,0.0000,0.0000,0.0000,0.0000,0.0000,0.0000,0.0000,0.0066,0.0000,0.9385,0.0548
2026-03-04,0.0000,0.0000,0.0000,0.0000,0.0000,0.0000,0.0000,0.0000,0.0000,0.0000,0.0000,0.0000,0.0000,0.0000,0.0000,0.2868,0.6660,0.0472
2026-03-05,0.0000,0.0000,0.0000,0.0000,0.0000,0.0000,0.0000,0.0000,0.0000,0.0000,0.0000,0.0000,0.0000,0.0000,0.0000,0.0000,0.9390,0.0610
2026-03-06,0.0000,0.0000,0.0000,0.0000,0.0000,0.0000,0.0000,0.0000,0.0000,0.0000,0.0000,0.0000,0.0000,0.0000,0.0000,0.0000,0.9344,0.0656
2026-03-09,0.0000,0.0000,0.0000,0.0000,0.0000,0.0000,0.0000,0.0000,0.0000,0.0000,0.0000,0.0000,0.0000,0.0000,0.0000,0.0000,0.9511,0.0489
2026-03-10,0.0000,0.0000,0.0000,0.0000,0.0000,0.0000,0.0000,0.0000,0.0000,0.0000,0.0000,0.0000,0.0000,0.0000,0.0000,0.2972,0.6619,0.0409
2026-03-11,0.0000,0.0000,0.0014,0.0000,0.0000,0.0000,0.0000,0.0000,0.0000,0.0000,0.0000,0.0000,0.0000,0.0000,0.0000,0.0000,0.9522,0.0465
2026-03-12,0.0000,0.0000,0.0000,0.0000,0.0000,0.0000,0.0000,0.0000,0.0000,0.0000,0.0000,0.0000,0.0000,0.0000,0.0000,0.0000,0.9394,0.0606
2026-03-13,0.0000,0.0000,0.0000,0.0000,0.0000,0.0000,0.0000,0.0000,0.0000,0.0000,0.0000,0.0000,0.0000,0.0000,0.0000,0.0000,0.9504,0.0495
2026-03-16,0.0000,0.0000,0.0000,0.0000,0.0000,0.0000,0.0000,0.0000,0.0000,0.0000,0.0000,0.0043,0.0059,0.0000,0.0000,0.1019,0.8509,0.0369
2026-03-17,0.0000,0.0000,0.0000,0.0609,0.0001,0.0000,0.1070,0.0000,0.0000,0.0428,0.0000,0.0001,0.0003,0.0000,0.0000,0.0067,0.7564,0.0258
2026-03-18,0.0000,0.0000,0.0000,0.0000,0.0000,0.0000,0.0000,0.0000,0.0000,0.0000,0.0000,0.0000,0.0000,0.0197,0.0158,0.0000,0.9204,0.0441
2026-03-19,0.0000,0.0000,0.0000,0.0000,0.0000,0.0000,0.0000,0.0000,0.0000,0.0000,0.0000,0.0000,0.0000,0.0033,0.0088,0.0000,0.9342,0.0537
2026-03-20,0.0000,0.0000,0.0000,0.0000,0.0000,0.0000,0.0000,0.0000,0.0000,0.0000,0.0000,0.0000,0.0000,0.0000,0.0026,0.0000,0.9130,0.0844
2026-03-23,0.0000,0.0000,0.0000,0.0000,0.0000,0.0000,0.0000,0.0000,0.0000,0.0000,0.0000,0.0000,0.0000,0.0000,0.0000,0.2809,0.6538,0.0653
2026-03-24,0.0000,0.0000,0.0000,0.0000,0.0000,0.0000,0.0000,0.0000,0.0000,0.0000,0.0000,0.0000,0.0000,0.0000,0.0000,0.0000,0.9301,0.0699
2026-03-25,0.0000,0.0000,0.0000,0.0000,0.0000,0.0000,0.0000,0.0000,0.0000,0.0000,0.0000,0.0111,0.0004,0.0000,0.0000,0.0301,0.9109,0.0475
2026-03-26,0.0000,0.0000,0.0000,0.0000,0.0000,0.0000,0.0000,0.0000,0.0000,0.0000,0.0000,0.0000,0.0000,0.0000,0.0023,0.0000,0.9224,0.0753
2026-03-27,0.0000,0.0000,0.0000,0.0000,0.0000,0.0000,0.0000,0.0000,0.0000,0.0000,0.0000,0.0000,0.0000,0.0000,0.0000,0.0000,0.8191,0.1808
2026-03-30,0.0000,0.0000,0.0000,0.0000,0.0000,0.0000,0.0000,0.0000,0.0000,0.0000,0.0001,0.0000,0.0000,0.0000,0.0000,0.0000,0.8802,0.1198
2026-03-31,0.0000,0.0000,0.0000,0.0000,0.0000,0.0000,0.0000,0.0000,0.0000,0.0000,0.0000,0.0000,0.0000,0.0000,0.0000,0.0379,0.7651,0.1969
2026-04-01,0.0000,0.0000,0.0000,0.0000,0.0000,0.0000,0.0000,0.0000,0.0000,0.0000,0.0000,0.0000,0.0000,0.0000,0.0000,0.1866,0.6326,0.1808
2026-04-02,0.0000,0.0000,0.0069,0.0000,0.0000,0.0000,0.0000,0.0000,0.0000,0.0000,0.0000,0.0000,0.0000,0.0000,0.0000,0.0000,0.8487,0.1444
2026-04-06,0.0000,0.0000,0.0000,0.0000,0.0000,0.0000,0.0000,0.0000,0.0000,0.0000,0.0000,0.0006,0.0161,0.0000,0.0000,0.1303,0.7663,0.0868
2026-04-07,0.0000,0.0000,0.2467,0.0000,0.0000,0.0000,0.0000,0.0052,0.0000,0.0000,0.0002,0.0000,0.0000,0.0003,0.0000,0.0000,0.6968,0.0507
2026-04-08,0.0000,0.0000,0.0000,0.0000,0.0000,0.0000,0.0000,0.0000,0.0000,0.0000,0.0000,0.0000,0.0000,0.0000,0.0000,0.0000,0.5258,0.4742
2026-04-09,0.0000,0.0000,0.0000,0.0000,0.0000,0.0000,0.0000,0.0000,0.0000,0.0000,0.0000,0.0058,0.0002,0.0000,0.0000,0.0183,0.6746,0.3011
2026-04-10,0.0000,0.0000,0.0000,0.0003,0.0150,0.0000,0.1031,0.0000,0.0002,0.0000,0.0000,0.0000,0.0000,0.0000,0.0000,0.0022,0.7176,0.1616
2026-04-13,0.0000,0.0000,0.0000,0.1258,0.0000,0.0000,0.0025,0.0000,0.0000,0.0267,0.0000,0.0068,0.0002,0.0000,0.0000,0.0118,0.7334,0.0928
2026-04-14,0.0000,0.0000,0.0000,0.0000,0.0000,0.0000,0.0000,0.0000,0.0000,0.0000,0.0000,0.0000,0.0000,0.0000,0.0000,0.2720,0.6369,0.0911
2026-04-15,0.0000,0.0000,0.0000,0.0000,0.0000,0.0000,0.0000,0.0000,0.0000,0.0000,0.0000,0.0001,0.5797,0.0000,0.0000,0.0605,0.3274,0.0322
2026-04-16,0.0000,0.0000,0.0000,0.0772,0.0000,0.0000,0.0020,0.0000,0.0000,0.7373,0.0000,0.0158,0.0011,0.0000,0.0000,0.0061,0.1512,0.0094
2026-04-17,0.0000,0.0000,0.0000,0.0000,0.0000,0.0000,0.0000,0.0000,0.0000,0.0000,0.0000,0.0000,0.0031,0.0000,0.0000,0.7034,0.2738,0.0198
2026-04-20,0.0000,0.0000,0.0403,0.0000,0.0000,0.0109,0.0000,0.0300,0.0000,0.0000,0.0000,0.0000,0.0000,0.0000,0.0000,0.0000,0.8751,0.0437
