path_idx,excess_kurt
1,15.554157
2,3.619438
3,7.529009
4,23.660540
5,4.499218
6,8.508613
7,12.112647
8,5.203541
9,6.292046
10,9.425006
11,5.016328
12,4.432694
13,13.445191
14,3.502925
15,10.021616
16,384.070838
17,91.611562
18,14.943203
19,5.867863
20,6.946696
21,16.768919
22,24.250042
23,21.251522
24,5.541186
25,57.878864
26,14.337332
27,8.513412
28,4.107833
29,29.438124
30,9.101403
31,10.041371
32,3.522252
33,8.690232
34,9.389348
35,7.317630
36,2.914703
37,18.320503
38,3.960974
39,13.207892
40,3.792256
41,124.551989
42,14.919838
43,9.829493
44,104.615021
45,5.375589
46,4.489483
47,5.604081
48,259.509178
49,3.917571
50,10.616445
51,12.998912
52,5.277992
53,17.403841
54,6.073606
55,5.382398
56,8.559708
57,15.397545
58,55.360685
59,10.440446
60,19.852318
61,6.425183
62,181.740668
63,3.798742
64,13.110103
65,4.684863
66,10.144773
67,8.865451
68,8.361641
69,84.650926
70,4.624131
71,19.840070
72,5.828239
73,13.564501
74,9.672951
75,3.714150
76,35.499784
77,6.651402
78,12.510372
79,5.004106
80,13.079581
81,5.697652
82,5.128912
83,7.748736
84,12.642166
85,21.830221
86,13.559992
87,6.266047
88,13.590581
89,6.841329
90,7.086355
91,6.591252
92,18.611294
93,9.054214
94,107.059996
95,8.618201
96,8.631455
97,9.490719
98,7.597656
99,6.563229
100,11.229901
101,9.474058
102,3.507461
103,11.218193
104,3.858423
105,36.384089
106,6.234808
107,12.355394
108,9.428802
109,8.112265
110,2279.892235
111,8.867602
112,24.405313
113,15.019686
114,141.650788
115,3.530100
116,5.096982
117,7.680403
118,17.005004
119,14.166090
120,5.896445
121,34.403876
122,21.711342
123,6.118318
124,6.213652
125,8.720181
126,5.419190
127,15.980646
128,3.618232
129,7.972203
130,19.370437
131,9.698417
132,10.925843
133,17.195436
134,3.537744
135,8.688016
136,8.106926
137,4.767070
138,10.416326
139,4.944186
140,10.575596
141,7.860233
142,5.972805
143,3.851595
144,6.742674
145,5.100388
146,22.083743
147,7.380091
148,10.403611
149,4.889705
150,6.801152
151,9.657561
152,6.712522
153,10.455043
154,4.428248
155,14.787556
156,19.445688
157,7.310459
158,6.885524
159,17.895273
160,4.031011
161,11.703449
162,10.572451
163,7.183474
164,3.613983
165,16.205464
166,417.359529
167,5.604687
168,14.344327
169,7.759071
170,17.514769
171,4.033706
172,7.934641
173,9.265588
174,7.852338
175,5.861648
176,9.220556
177,6.400460
178,7.427519
179,16.103089
180,11.344260
181,7.537135
182,14.426437
183,136.577052
184,7.920319
185,4.538611
186,13.173249
187,19.025825
188,7.496284
189,7.642084
190,6.617856
191,9.043009
192,8.815100
193,10.242805
194,5.355591
195,7.956005
196,3.836317
197,10.561157
198,5.461392
199,27.312974
200,717.769184
201,3.536943
202,11.444570
203,6.132914
204,8.692054
205,18.153820
206,17.661166
207,8.135539
208,6.804310
209,4.835422
210,4.418013
211,8.107110
212,52.955210
213,4.000694
214,39.435295
215,10.354309
216,4.738823
217,7.411670
218,4.376031
219,4.229768
220,11.675858
221,118.243725
222,7.547395
223,5.624154
224,5.582827
225,10.487033
226,7.385318
227,24.702820
228,57.593669
229,24.522619
230,6.031252
231,18.728176
232,6.889747
233,39.276365
234,17.012966
235,14.956067
236,4.913511
237,13.926240
238,4.162097
239,5.078091
240,9.496873
241,21.063993
242,9.761616
243,9.300700
244,3.997144
245,9.347698
246,46.245107
247,9.315651
248,9.580972
249,8.429283
250,11.037981
251,16.466239
252,15.126996
253,10.994990
254,7.988693
255,6.639241
256,3.833615
257,8.303898
258,10.714177
259,5.765894
260,5.787405
261,5.767480
262,12.011650
263,32.597853
264,13.815262
265,17.970045
266,6.528818
267,5.379147
268,10.181309
269,10.625303
270,9.091561
271,2.989955
272,4.195315
273,8.907220
274,5.150212
275,4.421166
276,14.106730
277,10.542191
278,8.153882
279,8.828805
280,7.144898
281,15.504362
282,5.948605
283,7.006850
284,8.288481
285,12.661232
286,11.957671
287,20.577016
288,5.604658
289,30.315005
290,8.322237
291,3.427362
292,3.498336
293,12.252527
294,5.509868
295,4.187841
296,11.232652
297,46.378942
298,8.415438
299,11.377168
300,9.052262
301,6.519313
302,10.615588
303,2.645620
304,26.754987
305,3.872963
306,3.155235
307,2.847923
308,10.257762
309,5.647769
310,5.197659
311,7.850476
312,7.478972
313,6.353598
314,8.892202
315,40.932676
316,108.486962
317,13.414804
318,7.244855
319,33.262863
320,5.355080
321,8.217041
322,12.572837
323,7.527948
324,13.181309
325,7.533429
326,9.475461
327,16.501236
328,16.802067
329,9.479435
330,7.170797
331,26.164601
332,3.489772
333,5.620436
334,14.166487
335,6.168853
336,4.033198
337,4.483836
338,5.621847
339,6.401094
340,22.746285
341,33.779109
342,16.669750
343,5.940846
344,10.417756
345,3.819022
346,5.035010
347,4.454467
348,3.373402
349,315.076579
350,10.613895
351,228.978078
352,5.328005
353,5.634507
354,4.966120
355,10.351712
356,17.031456
357,4.925242
358,13.053850
359,5.993369
360,21.850707
361,3.509424
362,12.272332
363,7.188042
364,7.194066
365,15.286768
366,18.371794
367,6.024543
368,13.198567
369,40.229249
370,4.125923
371,31.985731
372,6.717009
373,21.379773
374,5.595945
375,15.029284
376,7.776617
377,3.378485
378,6.472069
379,14.162004
380,117.255798
381,6.092327
382,8.520605
383,4.307355
384,77.858953
385,5.964991
386,9.395802
387,12.064496
388,3.253887
389,18.815701
390,14.680191
391,5.001237
392,11.769804
393,86.646172
394,5.329234
395,10.854609
396,12.002504
397,3.258606
398,6.187844
399,4.358458
400,5.000816
401,3.450773
402,20.320223
403,6.273164
404,42.861847
405,27.094009
406,3.287910
407,10.892435
408,5.270817
409,6.142416
410,7.897529
411,32.156850
412,10.804226
413,8.426269
414,33.233132
415,10.168588
416,7.614527
417,6.366396
418,7.173051
419,5.708690
420,7.523739
421,13.716419
422,10.066911
423,5.101072
424,6.994660
425,4.869261
426,4.965893
427,13.024222
428,8.894016
429,8.433732
430,11.605740
431,5.005803
432,5.069905
433,9.452732
434,5.062314
435,13.305238
436,10.578140
437,10.546142
438,22.090053
439,9.764665
440,7.910491
441,64.540665
442,15.360379
443,12.342694
444,6.112538
445,2.894237
446,30.422981
447,4.758179
448,8.632922
449,4.748529
450,12.033181
451,7.744604
452,76.627851
453,24.901295
454,12.874243
455,4.120204
456,21.404475
457,13.046488
458,7.117905
459,7.220627
460,231.258914
461,7.516314
462,5.412895
463,6.740512
464,7.915282
465,11.901110
466,8.105224
467,18.844520
468,6.684038
469,4.311503
470,4.534312
471,19.776961
472,17.611189
473,13.490487
474,12.014069
475,7.634505
476,4.924026
477,9.586877
478,6.665275
479,7.229137
480,5.895871
481,7.080594
482,5.992967
483,3.932581
484,8.888085
485,15.022166
486,4.435945
487,35.079487
488,7.160962
489,6.235305
490,4.083892
491,22.275536
492,7.441987
493,6.109478
494,17.162677
495,15.831749
496,6.941766
497,5.049927
498,14.405841
499,23.846113
500,18.975679
501,67.272757
502,10.493785
503,27.166097
504,56.971150
505,28.310484
506,8.741932
507,11.273899
508,3.110134
509,3.953351
510,16.164847
511,13.390201
512,19.858127
513,11.433391
514,12.008395
515,10.707873
516,19.174731
517,6.231670
518,2.818721
519,7.338295
520,37.282032
521,9.576903
522,14.454210
523,26.655186
524,96.057080
525,5.769857
526,40.019779
527,27.939953
528,78.741269
529,5.554685
530,6.198109
531,8.778168
532,8.246183
533,57.520689
534,4.188995
535,5.425181
536,5.720243
537,12.872745
538,7.075975
539,9.085646
540,19.758668
541,3.891343
542,19.016890
543,77.399120
544,9.451146
545,4.852415
546,10.300916
547,8.847298
548,7.344194
549,5.544645
550,209.585361
551,2.528927
552,7.747107
553,17.082330
554,11.809706
555,9.139660
556,7.318021
557,32.943703
558,4.608620
559,4.923917
560,18.065165
561,5.055642
562,100.345533
563,9.535612
564,17.180461
565,40.519020
566,11.636922
567,8.882579
568,4.718300
569,4.135892
570,13.307693
571,7.127606
572,55.498230
573,5.636650
574,17.151985
575,62.124469
576,3.554507
577,14.619605
578,6.333457
579,3.610667
580,12.932790
581,13.564280
582,5.875116
583,4.183569
584,11.704707
585,19.657336
586,103.405194
587,8.785446
588,6.722126
589,8.302377
590,5.520263
591,10.404379
592,11.197058
593,17.067716
594,19.760818
595,6.197715
596,6.222733
597,8.943685
598,4.993885
599,4.583388
600,3.582964
601,34.485924
602,14.791723
603,8.838529
604,3.751225
605,10.917600
606,5.764975
607,7.474247
608,47.586283
609,20.638366
610,6.022682
611,4.343139
612,10.281096
613,9.625870
614,9.957188
615,6.041408
616,9.916897
617,11.792396
618,41.414370
619,13.717905
620,55.035513
621,4.449785
622,14.710024
623,5.077025
624,14.678653
625,6.353439
626,91.294748
627,3.643972
628,12.072736
629,5.716855
630,7.163265
631,7.328742
632,8.062632
633,11.858289
634,3.647190
635,5.269833
636,4.135830
637,24.564857
638,35.005235
639,9.326649
640,5.711664
641,6.816716
642,8.676254
643,6.892287
644,13.274034
645,5.528859
646,11.189779
647,8.254454
648,16.223868
649,6.308827
650,12.364657
651,18.699887
652,22.823994
653,4.848994
654,4.527771
655,21.631885
656,9.589680
657,52.463176
658,4.437081
659,7.827106
660,10.851940
661,606.981418
662,3.789701
663,10.482048
664,34.053380
665,5.487013
666,3.424834
667,3.920955
668,9.675745
669,3.340858
670,8.029683
671,25.102008
672,7.251571
673,7.621139
674,6.043317
675,8.886797
676,6.152030
677,4.138183
678,20.696799
679,12.692708
680,5.707709
681,5.987806
682,3.960560
683,383.882083
684,12.855616
685,9.727213
686,6.958747
687,4.324103
688,5.243917
689,6.276161
690,6.543418
691,12.554622
692,3.782150
693,9.280474
694,4.163792
695,9.256800
696,4.508851
697,11.833404
698,4.529230
699,15.592597
700,33.186234
701,98.142361
702,5.241659
703,3.843361
704,4.060648
705,4.848372
706,4.385988
707,6.203129
708,4.631641
709,7.713414
710,14.684318
711,11.994203
712,10.911102
713,23.224296
714,9.115094
715,8.150412
716,8.072072
717,11.339505
718,6.975830
719,7.734009
720,43.789161
721,21.172923
722,10.966334
723,5.283620
724,4.678333
725,7.785030
726,5.510107
727,11.976533
728,26.877550
729,5.031701
730,7.732144
731,8.910439
732,15.924918
733,10.603384
734,13.529255
735,10.374152
736,7.517440
737,5.824431
738,8.061891
739,10.661219
740,8.597789
741,10.783356
742,7.695020
743,9.331419
744,5.647217
745,5.431153
746,12.060454
747,6.649910
748,13.335533
749,11.028998
750,18.285892
751,6.193282
752,8.544320
753,5.378624
754,6.195211
755,3.518492
756,11.097627
757,3.843503
758,9.661028
759,6.392095
760,7.545437
761,9.616816
762,7.039139
763,10.083702
764,23.940608
765,8.362690
766,10.414707
767,4.788065
768,11.927823
769,20.573734
770,5.086956
771,4.870132
772,12.451798
773,6.187853
774,12.898895
775,4.667984
776,34.222772
777,5.829896
778,5.346837
779,55.933770
780,20.151009
781,6.276083
782,6.129600
783,58.886681
784,27.775417
785,31.450791
786,4.993438
787,6.867490
788,18.232821
789,9.597921
790,5.115023
791,6.684160
792,8.666985
793,6.051147
794,6.619289
795,4.353347
796,7.107940
797,4.063704
798,9.483503
799,5.846979
800,3.346713
801,5.450112
802,5.806119
803,7.353222
804,7.221329
805,9.144953
806,8.593366
807,4.422155
808,8.518552
809,5.369224
810,9.332244
811,4.861659
812,10.474011
813,13.328183
814,3.323901
815,73.289340
816,7.892832
817,15.525493
818,13.092103
819,3.304418
820,7.351281
821,7.892341
822,6.406617
823,33.219116
824,5.160450
825,5.388092
826,4.124678
827,4.566875
828,6.906390
829,12.195151
830,5.238525
831,12.566368
832,5.091445
833,3.352155
834,10.662708
835,5.908855
836,5.059467
837,40.166673
838,26.491218
839,7.283151
840,6.074129
841,9.148444
842,5.640474
843,4.504807
844,47.050180
845,36.140733
846,12.201193
847,8.365039
848,18.289223
849,28.631335
850,6.824471
851,18.405240
852,6.147868
853,7.207153
854,6.865395
855,58.127580
856,5.443582
857,8.557782
858,15.785789
859,6.278815
860,5.606177
861,10.341104
862,12.382741
863,6.218154
864,5.920244
865,5.168533
866,9.586734
867,4.802281
868,36.458840
869,46.877302
870,12.603030
871,11.577709
872,7.401048
873,19.363092
874,4.225941
875,17.345573
876,23.161062
877,9.337783
878,16.052616
879,6.285814
880,3.505754
881,9.852913
882,7.273896
883,12.260290
884,9.000045
885,5.020690
886,10.033898
887,27.136325
888,5.423211
889,22.344497
890,5.183346
891,4.435321
892,14.904845
893,18.627794
894,11.664104
895,4.096112
896,19.530795
897,6.477869
898,6.726331
899,5.564725
900,251.549786
901,40.666083
902,9.206409
903,8.712713
904,4.889830
905,11.186499
906,10.892212
907,7.119116
908,9.894771
909,4.444272
910,5.780324
911,6.121147
912,14.415213
913,14.688802
914,5.178312
915,15.930659
916,12.511534
917,6.014625
918,5.890917
919,14.232898
920,8.198466
921,5.972556
922,4.884958
923,6.390252
924,3.255832
925,5.278461
926,3.630038
927,4.402474
928,5.759713
929,2.897021
930,19.841942
931,6.702820
932,3.964283
933,11.971374
934,2103.885936
935,20.503366
936,6.018242
937,22.470422
938,7.166990
939,6.259786
940,17.250187
941,26.018071
942,4.602252
943,35.020690
944,67.933971
945,5.292459
946,5.274465
947,32.503023
948,8.209822
949,14.076148
950,53.033915
951,4.211213
952,169.307155
953,39.270626
954,9.799109
955,8.392788
956,5.274354
957,7.466439
958,5.480350
959,4.993227
960,5.471201
961,13.905286
962,5.196017
963,6.048390
964,10.712171
965,4.136526
966,5.721751
967,5.615169
968,12.891666
969,5.217362
970,33.593734
971,4.884925
972,8.566807
973,9.188668
974,5.536470
975,9.129765
976,8.343980
977,5.094488
978,10.668768
979,5.981005
980,9.337709
981,3.351041
982,7.674408
983,5.361239
984,5.641788
985,7.543945
986,41.434909
987,14.873429
988,10.218925
989,21.194375
990,9.465002
991,6.355562
992,5.860962
993,10.871199
994,6.568833
995,12.641694
996,14.279517
997,8.074574
998,10.967947
999,7.438553
1000,3.614644
