idx,R_oos,var_05,var_01,breach_05,breach_01
1,-0.72202,-2.08442,-3.58295,0,0
2,-0.25613,-1.96233,-3.33252,0,0
3,2.08620,-1.83187,-3.12004,0,0
4,0.83566,-2.23351,-3.84560,0,0
5,1.13902,-2.03927,-3.44772,0,0
6,-0.19423,-1.99716,-3.36380,0,0
7,0.67353,-1.86052,-3.14503,0,0
8,-0.88665,-1.78542,-3.05882,0,0
9,-1.67196,-1.79682,-3.11661,0,0
10,1.58290,-2.09312,-3.64838,0,0
11,2.75618,-2.14231,-3.66859,0,0
12,1.94133,-2.85845,-4.76570,0,0
13,0.19775,-2.74396,-4.50478,0,0
14,1.34253,-2.40102,-3.86391,0,0
15,0.15458,-2.34127,-3.75214,0,0
16,0.38587,-2.16100,-3.46575,0,0
17,0.80217,-2.02696,-3.28426,0,0
18,0.83459,-1.95372,-3.20969,0,0
19,-2.56594,-1.89207,-3.15075,1,0
20,0.35522,-2.73809,-4.57420,0,0
21,3.30737,-2.29793,-3.80192,0,0
22,-0.02392,-3.29366,-5.31712,0,0
23,0.03645,-2.71225,-4.35085,0,0
24,2.12049,-2.42538,-3.83625,0,0
25,0.43829,-2.59728,-4.12083,0,0
26,1.14154,-2.37317,-3.73898,0,0
27,0.61067,-2.29630,-3.63312,0,0
28,-3.67182,-2.15862,-3.43704,1,1
29,1.23869,-3.64661,-5.75981,0,0
30,2.04348,-3.05796,-4.85039,0,0
31,0.08010,-2.98250,-4.66385,0,0
32,-2.26491,-2.67725,-4.13570,0,0
33,-0.31100,-2.89588,-4.49257,0,0
34,5.03342,-2.64173,-4.06761,0,0
35,1.29510,-4.52623,-6.95992,0,0
36,-0.67442,-3.77817,-5.79700,0,0
37,-0.42198,-3.35402,-5.06516,0,0
38,-0.09739,-3.06730,-4.60281,0,0
39,0.94813,-2.83213,-4.25148,0,0
40,1.63076,-2.68011,-4.04263,0,0
41,0.72773,-2.66452,-4.04873,0,0
42,-2.35120,-2.49896,-3.81384,0,0
43,0.96886,-2.80466,-4.33636,0,0
44,2.13767,-2.60811,-4.01249,0,0
45,-0.11219,-2.73478,-4.22878,0,0
46,-1.65628,-2.50559,-3.86295,0,0
47,2.16885,-2.57215,-3.99208,0,0
48,0.60594,-2.71711,-4.23241,0,0
49,-0.87341,-2.49863,-3.87344,0,0
50,-2.23430,-2.39167,-3.72314,0,0
51,1.63510,-2.69294,-4.23889,0,0
52,0.33455,-2.63226,-4.11568,0,0
53,1.91559,-2.41406,-3.76205,0,0
54,2.37698,-2.52318,-3.96042,0,0
55,-0.50656,-2.76041,-4.34551,0,0
56,-0.70162,-2.52318,-3.93486,0,0
57,-0.19991,-2.38175,-3.72038,0,0
58,0.54586,-2.22254,-3.49512,0,0
59,1.15526,-2.09789,-3.33767,0,0
60,-0.41655,-2.07720,-3.34873,0,0
61,-1.95076,-1.96559,-3.20301,0,0
62,0.53610,-2.31521,-3.83587,0,0
63,-0.86056,-2.09939,-3.43914,0,0
64,-0.11102,-2.03853,-3.35026,0,0
65,0.61329,-1.90229,-3.15266,0,0
66,-0.58228,-1.81766,-3.05996,0,0
67,-1.72745,-1.76549,-3.02200,0,0
68,1.11597,-2.10218,-3.64532,0,0
69,-2.02230,-2.00219,-3.41721,1,0
70,-1.97534,-2.39873,-4.07200,0,0
71,-2.06946,-2.58694,-4.30202,0,0
72,-1.01481,-2.74172,-4.47464,0,0
73,-0.71485,-2.52349,-4.04129,0,0
74,-1.95440,-2.35672,-3.74718,0,0
75,1.00024,-2.56059,-4.09107,0,0
76,2.81076,-2.39730,-3.79944,0,0
77,0.44424,-2.89617,-4.62875,0,0
78,-1.84558,-2.57237,-4.04282,0,0
79,3.18885,-2.67091,-4.19579,0,0
80,0.76544,-3.24435,-5.11093,0,0
81,-1.87324,-2.87859,-4.45499,0,0
82,-1.60871,-2.90751,-4.48399,0,0
83,0.38801,-2.86198,-4.39701,0,0
84,3.58934,-2.63121,-4.03099,0,0
85,2.00615,-3.41582,-5.31960,0,0
86,1.39711,-3.24631,-4.98466,0,0
87,-0.28050,-3.03564,-4.61617,0,0
88,1.06406,-2.79112,-4.23069,0,0
89,0.86020,-2.65245,-4.03423,0,0
90,0.09210,-2.50773,-3.83472,0,0
91,0.59212,-2.33638,-3.60050,0,0
92,2.76412,-2.20695,-3.43990,0,0
93,0.84835,-2.75230,-4.38061,0,0
94,-0.47178,-2.49348,-3.91979,0,0
95,0.68110,-2.31507,-3.63503,0,0
96,0.08063,-2.18310,-3.45173,0,0
97,-0.31655,-2.04108,-3.26538,0,0
98,-0.83957,-1.93465,-3.14541,0,0
99,0.42483,-1.91441,-3.16410,0,0
100,0.19360,-1.80569,-3.02753,0,0
101,-1.29268,-1.70372,-2.91595,0,0
102,-1.40250,-1.86162,-3.24287,0,0
103,0.07611,-2.00272,-3.47347,0,0
104,1.33701,-1.81806,-3.12748,0,0
105,0.23948,-1.88920,-3.26920,0,0
106,2.58673,-1.74980,-3.03478,0,0
107,0.84363,-2.63820,-4.50497,0,0
108,0.04484,-2.22540,-3.79276,0,0
109,0.09645,-1.99142,-3.34396,0,0
110,0.25420,-1.84948,-3.12290,0,0
111,3.04685,-1.74215,-2.99091,0,0
112,0.11450,-3.11236,-5.08423,0,0
113,-0.08780,-2.41685,-4.08115,0,0
114,1.70188,-2.12183,-3.51963,0,0
115,1.05594,-2.22754,-3.68881,0,0
116,-0.08117,-2.12579,-3.49483,0,0
117,-1.38814,-1.97122,-3.25127,0,0
118,-0.10706,-2.08600,-3.47691,0,0
119,-0.17062,-1.92642,-3.21121,0,0
120,0.38807,-1.81258,-3.06149,0,0
121,0.47009,-1.71883,-2.95887,0,0
122,0.05166,-1.64320,-2.89059,0,0
123,-0.51708,-1.55752,-2.80762,0,0
124,0.95292,-1.53396,-2.82764,0,0
125,1.58084,-1.56162,-2.91405,0,0
126,1.49238,-1.82323,-3.38802,0,0
127,0.72827,-1.92461,-3.49216,0,0
128,0.42351,-1.77705,-3.16982,0,0
129,1.49540,-1.66440,-2.97756,0,0
130,-0.58070,-1.84147,-3.31593,0,0
131,1.03081,-1.74201,-3.10650,0,0
132,0.67271,-1.73965,-3.10745,0,0
133,0.77332,-1.66621,-2.99015,0,0
134,-2.27370,-1.62940,-2.95563,1,0
135,-1.95795,-2.59035,-4.48456,0,0
136,-1.78771,-2.68631,-4.57668,0,0
137,1.46456,-2.64230,-4.43096,0,0
138,0.56143,-2.46968,-4.05598,0,0
139,-4.63901,-2.24295,-3.63312,1,1
140,-1.45338,-4.46630,-6.86951,0,0
141,1.07708,-3.67002,-5.75981,0,0
142,0.61128,-3.20530,-4.94194,0,0
143,-1.24122,-2.90482,-4.42905,0,0
144,3.35304,-2.79679,-4.26273,0,0
145,-2.19046,-3.36022,-5.18036,0,0
146,-5.95081,-3.34058,-5.09968,1,1
147,-6.75082,-5.45120,-8.27732,1,0
148,2.64503,-6.77195,-10.18982,0,0
149,-0.03773,-5.83258,-8.69064,0,0
150,2.04170,-5.11694,-7.49893,0,0
151,1.84015,-4.78163,-6.96163,0,0
152,0.71231,-4.49314,-6.52084,0,0
153,2.76780,-4.14095,-5.99594,0,0
154,1.83345,-4.13504,-6.00452,0,0
155,3.74361,-3.93925,-5.72052,0,0
156,1.03931,-4.24757,-6.20995,0,0
157,1.72190,-3.91741,-5.70602,0,0
158,0.75795,-3.73247,-5.43880,0,0
159,0.54216,-3.46413,-5.04913,0,0
160,-0.95933,-3.21743,-4.69894,0,0
161,1.23613,-3.05166,-4.47636,0,0
162,0.19451,-2.91600,-4.30088,0,0
163,-0.09108,-2.71137,-4.02069,0,0
164,-1.14792,-2.53181,-3.78437,0,0
165,0.77651,-2.48437,-3.75481,0,0
166,0.62258,-2.35264,-3.58887,0,0
167,-2.87188,-2.22259,-3.42960,1,0
168,-1.66991,-2.92478,-4.61979,0,0
169,-0.76239,-2.82602,-4.41742,0,0
170,-3.26261,-2.60072,-4.02889,1,0
171,1.10484,-3.34477,-5.23739,0,0
172,0.93317,-2.98886,-4.60587,0,0
173,0.68620,-2.76175,-4.22535,0,0
174,3.77239,-2.57273,-3.93906,0,0
175,2.06485,-3.50971,-5.47256,0,0
176,0.13850,-3.31187,-5.09281,0,0
177,0.73487,-2.96552,-4.50439,0,0
178,0.01990,-2.75259,-4.17461,0,0
179,2.71822,-2.55222,-3.88508,0,0
180,-0.84696,-2.91314,-4.49581,0,0
181,0.70952,-2.70634,-4.14982,0,0
182,0.41007,-2.52316,-3.87249,0,0
183,0.06765,-2.35348,-3.63483,0,0
184,0.72204,-2.19920,-3.43227,0,0
185,0.07911,-2.09818,-3.31974,0,0
186,-0.07109,-1.96862,-3.16286,0,0
187,-1.40359,-1.85680,-3.04108,0,0
188,-0.18900,-2.00896,-3.35293,0,0
189,-0.47536,-1.86117,-3.11413,0,0
190,1.62480,-1.78270,-3.02505,0,0
191,-0.77756,-1.97077,-3.38974,0,0
192,1.07499,-1.89133,-3.23296,0,0
193,1.81208,-1.86923,-3.20282,0,0
194,0.05933,-2.10857,-3.62549,0,0
195,1.27773,-1.90196,-3.23219,0,0
196,1.83754,-1.93484,-3.30162,0,0
197,-0.72521,-2.16012,-3.68767,0,0
198,-0.13130,-2.02119,-3.40347,0,0
199,0.95286,-1.87495,-3.16334,0,0
200,0.37355,-1.84326,-3.14484,0,0
201,-0.53883,-1.73590,-2.99911,0,0
202,-0.11682,-1.68791,-2.96631,0,0
203,-1.81128,-1.59822,-2.86255,1,0
204,0.18984,-2.10524,-3.79028,0,0
205,0.72646,-1.81944,-3.22495,0,0
206,0.28506,-1.73051,-3.06053,0,0
207,-0.01522,-1.62647,-2.91119,0,0
208,-0.12922,-1.54161,-2.82040,0,0
209,-4.12569,-1.47398,-2.76585,1,1
210,0.36137,-3.98197,-6.17599,0,0
211,-0.89309,-2.98805,-4.91219,0,0
212,1.88252,-2.61710,-4.22707,0,0
213,6.05526,-2.63462,-4.20494,0,0
214,2.58239,-5.32684,-8.08907,0,0
215,1.27778,-4.56896,-7.01370,0,0
216,0.42258,-3.97139,-5.98831,0,0
217,-0.61125,-3.56765,-5.31349,0,0
218,0.07273,-3.29642,-4.89254,0,0
219,-1.10968,-3.04408,-4.51984,0,0
220,-3.11379,-2.91557,-4.34742,1,0
221,0.09993,-3.38225,-5.10941,0,0
222,0.42880,-3.05808,-4.58412,0,0
223,-0.13059,-2.82443,-4.23470,0,0
224,1.68812,-2.62542,-3.95412,0,0
225,1.10091,-2.63412,-4.00286,0,0
226,1.18682,-2.51780,-3.84541,0,0
227,0.88791,-2.43490,-3.74508,0,0
228,-0.34694,-2.31712,-3.59097,0,0
229,1.13300,-2.17929,-3.41148,0,0
230,0.68524,-2.14128,-3.39546,0,0
231,0.05650,-2.03328,-3.26071,0,0
232,1.19648,-1.90685,-3.10516,0,0
233,0.36282,-1.92893,-3.19500,0,0
234,0.18617,-1.80948,-3.03345,0,0
235,-0.84427,-1.70605,-2.91805,0,0
236,-0.79084,-1.72553,-3.00808,0,0
237,1.39448,-1.71866,-3.02563,0,0
238,-0.61733,-1.83458,-3.24574,0,0
239,-0.50075,-1.75128,-3.08495,0,0
240,0.94515,-1.68130,-2.98347,0,0
241,-0.97183,-1.67749,-3.00751,0,0
242,-3.77619,-1.72708,-3.11012,1,1
243,-3.04467,-3.87440,-6.02379,0,0
244,0.27663,-3.91607,-6.17752,0,0
245,1.65103,-3.12200,-4.96140,0,0
246,2.73181,-2.92630,-4.57039,0,0
247,0.78750,-3.17001,-4.92935,0,0
248,-2.71887,-2.87509,-4.41189,0,0
249,-2.46250,-3.20883,-4.94499,0,0
250,-0.92034,-3.33138,-5.10235,0,0
251,1.52336,-3.06954,-4.65317,0,0
252,2.49144,-2.95186,-4.46815,0,0
253,-2.23102,-3.10802,-4.72374,0,0
254,-1.07779,-3.19409,-4.85039,0,0
255,-2.74795,-2.99878,-4.53053,0,0
256,-1.23522,-3.29814,-5.01270,0,0
257,1.19308,-3.10082,-4.68006,0,0
258,4.09394,-2.92521,-4.40826,0,0
259,0.44551,-3.81298,-5.84030,0,0
260,2.14563,-3.35383,-5.05619,0,0
261,1.64739,-3.30820,-4.97131,0,0
262,2.09759,-3.17154,-4.75311,0,0
263,0.64265,-3.16639,-4.75216,0,0
264,0.20110,-2.92850,-4.38862,0,0
265,-4.10545,-2.71387,-4.07925,1,1
266,1.69831,-3.84727,-5.91278,0,0
267,-0.26986,-3.48914,-5.29022,0,0
268,0.82603,-3.14584,-4.72221,0,0
269,0.19475,-2.92439,-4.38442,0,0
270,-3.23490,-2.70886,-4.07286,1,0
271,1.59751,-3.32437,-5.08614,0,0
272,0.73670,-3.12240,-4.73194,0,0
273,1.23366,-2.87609,-4.33979,0,0
274,-1.01182,-2.74720,-4.15573,0,0
275,0.56064,-2.63443,-4.00276,0,0
276,0.13371,-2.46294,-3.76282,0,0
277,-1.08861,-2.29812,-3.54290,0,0
278,2.29354,-2.27246,-3.54633,0,0
279,1.06320,-2.55990,-4.04854,0,0
280,0.06567,-2.40309,-3.77846,0,0
281,0.60130,-2.21837,-3.49655,0,0
282,-0.91330,-2.09527,-3.33719,0,0
283,-2.38975,-2.06299,-3.32832,1,0
284,-1.94634,-2.61135,-4.27818,0,0
285,-2.08494,-2.70061,-4.36096,0,0
286,0.63596,-2.82359,-4.50287,0,0
287,-2.21407,-2.54107,-3.99265,0,0
288,-0.89856,-2.78442,-4.38709,0,0
289,-0.13317,-2.59371,-4.04663,0,0
290,-4.17189,-2.39244,-3.73077,1,1
291,0.66294,-4.01034,-6.25095,0,0
292,-2.32260,-3.29165,-5.12314,0,0
293,-0.86944,-3.32007,-5.11074,0,0
294,-4.02195,-3.03426,-4.61445,1,0
295,-2.62878,-3.96290,-6.09226,0,0
296,0.82532,-3.89152,-5.90668,0,0
297,-2.68568,-3.49584,-5.23300,0,0
298,2.78516,-3.63331,-5.44014,0,0
299,2.89576,-3.70607,-5.53780,0,0
300,-2.07480,-3.79553,-5.66158,0,0
301,2.01039,-3.69930,-5.49488,0,0
302,0.15961,-3.57752,-5.30109,0,0
303,-1.89530,-3.28431,-4.85420,0,0
304,4.83714,-3.26610,-4.84543,0,0
305,0.85212,-4.35548,-6.57692,0,0
306,-1.92919,-3.84908,-5.72586,0,0
307,-1.07038,-3.70746,-5.49030,0,0
308,-4.42718,-3.46332,-5.11246,1,0
309,-1.06743,-4.31423,-6.46057,0,0
310,1.44736,-3.90849,-5.78308,0,0
311,0.81336,-3.65524,-5.38445,0,0
312,-8.06093,-3.38736,-4.98257,1,1
313,-13.47321,-6.74467,-10.08606,1,1
314,-6.84298,-11.36246,-16.88843,0,0
315,2.96202,-10.34498,-15.34195,0,0
316,7.21094,-9.05161,-13.18741,0,0
317,1.26772,-9.21450,-13.36479,0,0
318,2.37918,-8.31718,-11.94839,0,0
319,4.77754,-7.69091,-11.00044,0,0
320,-0.14899,-7.55520,-10.80399,0,0
321,-5.33544,-6.90155,-9.83963,0,0
322,-0.17739,-7.09143,-10.13603,0,0
323,-6.57160,-6.48031,-9.23824,1,0
324,5.36377,-7.14025,-10.23865,0,0
325,6.38822,-7.22857,-10.37369,0,0
326,2.27234,-7.59296,-10.92377,0,0
327,2.28066,-7.01571,-10.04601,0,0
328,0.63266,-6.53701,-9.33838,0,0
329,1.43130,-5.99432,-8.54645,0,0
330,-0.83584,-5.55787,-7.91893,0,0
331,4.10069,-5.13849,-7.31945,0,0
332,2.62307,-5.28831,-7.55882,0,0
333,-0.68400,-5.07927,-7.26471,0,0
334,-1.94119,-4.68946,-6.70261,0,0
335,0.04666,-4.48394,-6.41708,0,0
336,2.71133,-4.13389,-5.91698,0,0
337,-0.62960,-4.12097,-5.92136,0,0
338,6.57686,-3.82476,-5.49946,0,0
339,3.09533,-5.38411,-7.92084,0,0
340,0.20357,-5.14059,-7.50694,0,0
341,0.53022,-4.64802,-6.73714,0,0
342,1.61847,-4.26450,-6.16322,0,0
343,0.32452,-4.02880,-5.82409,0,0
344,-0.26209,-3.71842,-5.37567,0,0
345,-2.36541,-3.44715,-4.99134,0,0
346,-1.33175,-3.51691,-5.12657,0,0
347,-2.21043,-3.35448,-4.90093,0,0
348,4.20690,-3.39785,-4.99220,0,0
349,0.51868,-4.06747,-6.05431,0,0
350,-0.03435,-3.66101,-5.39894,0,0
351,-0.63016,-3.35484,-4.93412,0,0
352,0.75051,-3.12989,-4.61006,0,0
353,2.16050,-2.92892,-4.32968,0,0
354,0.75537,-2.99749,-4.46758,0,0
355,-0.72611,-2.79574,-4.17595,0,0
356,1.66130,-2.64330,-3.97034,0,0
357,0.38607,-2.64072,-4.00085,0,0
358,0.72585,-2.45433,-3.73707,0,0
359,0.30482,-2.32196,-3.56884,0,0
360,0.01652,-2.17535,-3.38278,0,0
361,-1.72414,-2.04206,-3.22390,0,0
362,1.68022,-2.25489,-3.62701,0,0
363,-1.38186,-2.31340,-3.72257,0,0
364,-0.18519,-2.32410,-3.73211,0,0
365,-1.33265,-2.13990,-3.43170,0,0
366,0.70196,-2.19455,-3.54958,0,0
367,3.66844,-2.06473,-3.34892,0,0
368,0.49327,-3.53336,-5.61371,0,0
369,1.38787,-2.83873,-4.56161,0,0
370,1.43852,-2.63934,-4.17442,0,0
371,1.26100,-2.54636,-3.99952,0,0
372,0.17551,-2.45166,-3.84483,0,0
373,0.68516,-2.26834,-3.56731,0,0
374,2.23778,-2.14925,-3.41282,0,0
375,-1.52139,-2.46363,-3.97186,0,0
376,-0.08695,-2.46940,-3.95088,0,0
377,0.90873,-2.25353,-3.58505,0,0
378,0.96085,-2.15585,-3.45058,0,0
379,-0.59452,-2.08368,-3.36494,0,0
380,0.04790,-1.99404,-3.25356,0,0
381,0.15217,-1.86884,-3.09296,0,0
382,-0.85598,-1.76187,-2.97451,0,0
383,1.85616,-1.77469,-3.05252,0,0
384,0.39344,-2.07601,-3.60374,0,0
385,0.86330,-1.87149,-3.20702,0,0
386,-0.65935,-1.81086,-3.11718,0,0
387,1.47573,-1.76339,-3.06263,0,0
388,1.19124,-1.89865,-3.32165,0,0
389,0.56029,-1.89135,-3.28541,0,0
390,0.17710,-1.77338,-3.08018,0,0
391,-0.29346,-1.66547,-2.93446,0,0
392,-0.51351,-1.59576,-2.87056,0,0
393,0.12172,-1.56384,-2.86694,0,0
394,-5.08792,-1.48084,-2.77252,1,1
395,2.72047,-4.50368,-6.92940,0,0
396,-0.02736,-4.00238,-6.31065,0,0
397,0.87906,-3.31068,-5.15041,0,0
398,0.43301,-2.99406,-4.58679,0,0
399,1.48019,-2.75073,-4.19674,0,0
400,0.26809,-2.68703,-4.11377,0,0
401,1.50658,-2.49012,-3.82328,0,0
402,1.41185,-2.47915,-3.83739,0,0
403,0.02597,-2.44107,-3.79829,0,0
404,-0.04350,-2.26297,-3.53794,0,0
405,-0.39413,-2.11673,-3.34606,0,0
406,-0.93318,-2.00946,-3.22399,0,0
407,-1.57542,-1.99635,-3.25203,0,0
408,-0.33267,-2.16753,-3.57170,0,0
409,3.19800,-2.00222,-3.29018,0,0
410,-0.02939,-3.13101,-5.09129,0,0
411,-0.14263,-2.55566,-4.15878,0,0
412,1.00184,-2.28543,-3.66726,0,0
413,0.59856,-2.18642,-3.51257,0,0
414,-1.05832,-2.05755,-3.32794,0,0
415,-2.48378,-2.06063,-3.36914,1,0
416,1.46160,-2.68962,-4.43974,0,0
417,1.66115,-2.50854,-4.06952,0,0
418,0.19162,-2.48411,-3.98560,0,0
419,0.49883,-2.26374,-3.60794,0,0
420,0.38829,-2.11916,-3.39813,0,0
421,1.23138,-1.99192,-3.23334,0,0
422,1.52475,-2.00627,-3.30200,0,0
423,0.49934,-2.09053,-3.46584,0,0
424,0.88371,-1.94407,-3.22514,0,0
425,0.00939,-1.88718,-3.16410,0,0
426,-0.46789,-1.76935,-3.00865,0,0
427,1.38203,-1.70822,-2.96021,0,0
428,0.01050,-1.82748,-3.20892,0,0
429,1.07349,-1.68984,-2.97356,0,0
430,-0.40335,-1.71719,-3.05538,0,0
431,-1.04257,-1.63724,-2.93636,0,0
432,-1.56270,-1.72250,-3.11546,0,0
433,1.15359,-2.00162,-3.59287,0,0
434,1.06709,-1.92494,-3.38554,0,0
435,0.34976,-1.87645,-3.26786,0,0
436,0.97570,-1.74639,-3.04794,0,0
437,0.73431,-1.74012,-3.07007,0,0
438,0.56712,-1.68247,-2.99435,0,0
439,0.33717,-1.61283,-2.91042,0,0
440,-0.59413,-1.53372,-2.82307,0,0
441,0.92481,-1.52624,-2.85912,0,0
442,-0.40221,-1.54593,-2.91977,0,0
443,-3.63451,-1.48947,-2.83489,1,1
444,0.28428,-3.74908,-5.84526,0,0
445,-0.43177,-2.77014,-4.65088,0,0
446,1.53964,-2.35796,-3.89729,0,0
447,-0.95231,-2.33693,-3.81699,0,0
448,-0.24474,-2.23818,-3.63045,0,0
449,3.18388,-2.08035,-3.38039,0,0
450,0.50130,-3.09167,-5.04150,0,0
451,-1.42944,-2.58808,-4.17747,0,0
452,1.07643,-2.53098,-4.03709,0,0
453,2.28198,-2.38953,-3.78666,0,0
454,2.54118,-2.63672,-4.19960,0,0
455,1.12471,-2.90389,-4.60281,0,0
456,0.14372,-2.67496,-4.17957,0,0
457,-1.55885,-2.45123,-3.81641,0,0
458,-0.15698,-2.50363,-3.92189,0,0
459,0.15333,-2.31414,-3.62816,0,0
460,-2.26480,-2.15778,-3.41263,1,0
461,0.43733,-2.57075,-4.13876,0,0
462,-2.10071,-2.31671,-3.68690,0,0
463,-2.14649,-2.59218,-4.15039,0,0
464,4.66222,-2.78504,-4.42963,0,0
465,0.96228,-4.38156,-6.78425,0,0
466,0.51692,-3.60174,-5.56889,0,0
467,-3.11860,-3.17774,-4.83112,0,0
468,-1.28075,-3.56998,-5.44205,0,0
469,-1.33563,-3.31302,-4.99344,0,0
470,-2.45081,-3.15180,-4.73309,0,0
471,0.49829,-3.30453,-4.97913,0,0
472,-0.67472,-3.02699,-4.53892,0,0
473,-1.31185,-2.83537,-4.25816,0,0
474,3.90291,-2.76687,-4.17690,0,0
475,1.41225,-3.63159,-5.58186,0,0
476,3.22259,-3.29728,-4.99783,0,0
477,0.83334,-3.60951,-5.47428,0,0
478,-0.63380,-3.27249,-4.90875,0,0
479,0.48359,-3.03326,-4.53815,0,0
480,0.57545,-2.81503,-4.21944,0,0
481,0.03373,-2.63240,-3.96614,0,0
482,0.90548,-2.45419,-3.72581,0,0
483,-0.94230,-2.34694,-3.60060,0,0
484,0.11329,-2.28446,-3.54385,0,0
485,0.62146,-2.13218,-3.34320,0,0
486,0.59754,-2.02694,-3.22609,0,0
487,-1.63694,-1.93024,-3.12414,0,0
488,-0.49101,-2.14744,-3.53889,0,0
489,-1.05614,-1.99902,-3.28579,0,0
490,-1.72203,-2.00436,-3.31917,0,0
491,1.50043,-2.23310,-3.72124,0,0
492,0.85029,-2.22754,-3.67470,0,0
493,1.61571,-2.09150,-3.42999,0,0
494,0.94067,-2.18225,-3.59383,0,0
495,1.02950,-2.07705,-3.41129,0,0
496,0.18402,-2.02053,-3.33443,0,0
497,-0.98535,-1.88456,-3.13854,0,0
498,-0.06345,-1.90337,-3.21274,0,0
499,-1.29645,-1.77879,-3.03230,0,0
500,-0.30466,-1.91524,-3.30811,0,0
501,1.76989,-1.78335,-3.07789,0,0
502,1.03939,-2.03800,-3.54691,0,0
503,0.26576,-1.94547,-3.33939,0,0
504,-0.81251,-1.79961,-3.09086,0,0
505,1.57632,-1.78947,-3.10688,0,0
506,0.32457,-1.95541,-3.41301,0,0
507,-0.43026,-1.79229,-3.10783,0,0
508,-1.73019,-1.71270,-3.00159,1,0
509,1.78197,-2.08473,-3.68576,0,0
510,-0.42560,-2.21810,-3.83587,0,0
511,-4.66770,-1.99728,-3.39088,1,1
512,1.48075,-4.44083,-6.82526,0,0
513,2.10052,-3.56951,-5.65758,0,0
514,-0.01397,-3.32732,-5.18875,0,0
515,1.34979,-2.95138,-4.52633,0,0
516,0.97106,-2.81286,-4.29974,0,0
517,0.04831,-2.65026,-4.05350,0,0
518,-1.79154,-2.45945,-3.77789,0,0
519,0.17867,-2.58102,-4.00505,0,0
520,1.44358,-2.37708,-3.69053,0,0
521,-2.27726,-2.36821,-3.70655,0,0
522,-0.93121,-2.69792,-4.26636,0,0
523,-2.74086,-2.51927,-3.94707,1,0
524,3.38510,-3.01647,-4.76131,0,0
525,2.10708,-3.54719,-5.55000,0,0
526,-0.13868,-3.35364,-5.16529,0,0
527,-0.37746,-3.00632,-4.56963,0,0
528,-2.69026,-2.77615,-4.21066,0,0
529,-0.91516,-3.12672,-4.78954,0,0
530,-0.56831,-2.90141,-4.41093,0,0
531,1.96818,-2.70090,-4.10423,0,0
532,-1.08540,-2.76179,-4.22268,0,0
533,1.42183,-2.64587,-4.04892,0,0
534,-1.87340,-2.58250,-3.96738,0,0
535,1.45328,-2.69415,-4.16431,0,0
536,2.21141,-2.61350,-4.03595,0,0
537,-1.55926,-2.76313,-4.28581,0,0
538,-1.26693,-2.73046,-4.22211,0,0
539,0.30271,-2.64463,-4.08268,0,0
540,-3.31813,-2.44281,-3.77483,1,0
541,3.29745,-3.30706,-5.20420,0,0
542,-2.03228,-3.65787,-5.68962,0,0
543,-2.48746,-3.47137,-5.32017,0,0
544,-0.99215,-3.52445,-5.35717,0,0
545,3.15470,-3.24683,-4.88548,0,0
546,-1.22781,-3.55191,-5.36537,0,0
547,-2.80325,-3.31559,-4.96864,0,0
548,-1.41210,-3.54085,-5.32227,0,0
549,1.79824,-3.34764,-5.00278,0,0
550,0.88095,-3.24330,-4.84257,0,0
551,-2.51555,-3.02296,-4.51078,0,0
552,-2.53387,-3.23124,-4.85744,0,0
553,-3.41356,-3.38368,-5.09453,1,0
554,3.29894,-3.82299,-5.77660,0,0
555,-1.57035,-3.99566,-6.00681,0,0
556,1.28741,-3.73087,-5.55229,0,0
557,-3.27668,-3.47991,-5.15461,0,0
558,-4.58505,-3.82667,-5.70431,1,0
559,-1.20072,-4.63123,-6.95267,0,0
560,4.69516,-4.17128,-6.17332,0,0
561,3.76693,-4.78926,-7.12242,0,0
562,-1.16915,-4.86617,-7.19376,0,0
563,1.98441,-4.44655,-6.50940,0,0
564,-0.83499,-4.21815,-6.15578,0,0
565,7.22271,-3.91054,-5.69382,0,0
566,1.24888,-5.97520,-8.91762,0,0
567,0.62289,-5.20325,-7.64408,0,0
568,1.06014,-4.68807,-6.82106,0,0
569,3.57161,-4.32220,-6.26507,0,0
570,2.01994,-4.48871,-6.53191,0,0
571,1.02540,-4.26359,-6.19240,0,0
572,3.20426,-3.95384,-5.73330,0,0
573,-0.61282,-4.09455,-5.96676,0,0
